order_id,order_item_id,product_id,seller_id,shipping_limit_date,price,freight_value,ingest_date
00125cb692d04887809806618a2a145f,1,1c0c0093a48f13ba70d0c6b0a9157cb7,41b39e28db005d9731d9d485a83b4c38,2017-03-29 13:05:42,109.90,25.51,2026-01-01
00571ded73b3c061925584feab0db425,1,8695c431b31927efef5343e675f279e7,fe2032dab1a61af8794248c8196565c9,2017-05-25 21:10:16,179.90,15.01,2026-01-01
00571ded73b3c061925584feab0db425,2,8695c431b31927efef5343e675f279e7,fe2032dab1a61af8794248c8196565c9,2017-05-25 21:10:16,179.90,15.01,2026-01-01
00bdcdda88e6b02977fc6ce3d412c600,1,20566af10fda4783935b8cef249fa4c3,d921b68bf747894be13a97ae52b0f386,2018-06-14 10:21:14,118.90,18.93,2026-01-01
011b142c9e082a5c1d10e0a88cd9c8e8,1,4cb33e9787e8a38b82bd68e70f5f4700,17e34d8224d27a541263c4c64b11a56b,2018-03-29 11:55:34,243.37,53.83,2026-01-01
0132451f29a10b66a5cf1bacc85f9afe,1,42a2bd596fda1baef5719cb74f73030c,da8622b14eb17ae2831f4ac5b9dab84a,2017-11-21 17:08:27,89.90,17.88,2026-01-01
0132451f29a10b66a5cf1bacc85f9afe,2,283dc451ad3918badb976d56ff887289,da8622b14eb17ae2831f4ac5b9dab84a,2017-11-21 17:08:27,89.90,17.88,2026-01-01
01835ef41c5ac66dd9ec6084fa1d0533,1,bbaef2eadf31fe3ea6702077398be06c,cc419e0650a3c5ba77189a1882b7556a,2017-05-18 21:45:17,56.99,15.15,2026-01-01
01855f880aae9a984c7c33b26fcf2e02,1,12bc892d6fff0dc42c8177f3665ef00e,e9779976487b77c6d4ac45f75ec7afe9,2017-10-25 15:35:35,39.49,8.27,2026-01-01
01855f880aae9a984c7c33b26fcf2e02,2,12bc892d6fff0dc42c8177f3665ef00e,e9779976487b77c6d4ac45f75ec7afe9,2017-10-25 15:35:35,39.49,8.27,2026-01-01
0197cb265e2c84b9f89dfd784095d2f6,1,b8fb835549196ef18695839a1a749584,51702dc2a3e106c76dbff722b5bf0726,2018-01-05 02:12:41,320.00,58.91,2026-01-01
01a75ac3dd000b7628a684be97c29234,1,b5c114b11d53b6fd85a6a90790f0b479,0adac9fbd9a2b63cccaac4f8756c1ca8,2018-01-29 10:59:10,42.90,15.10,2026-01-01
02610d88ac343ed64988d2706ce3ebfd,1,ce169d5f9421a6f21e41a7bf54d0b98e,8b321bb669392f5163d04c59e235e066,2018-02-12 04:31:55,28.00,15.11,2026-01-01
02aec12849744e266394182861265286,1,8aa6223e400af9c97b07c75993142721,1f9ab4708f3056ede07124aad39a2554,2017-09-06 18:05:09,174.90,35.74,2026-01-01
0341b60065c49221a27293793f11b117,1,41c24b8ce92d1a2cac62db5edfd088b2,4869f7a5dfa277a7dca6462dcf3b52b2,2018-04-26 15:31:39,102.90,22.43,2026-01-01
03f83b59e7c7355647462745b18119f1,1,23365beed316535b4105bd800c46670e,92eb0f42c21942b6552362b9b114707d,2017-07-24 06:03:49,12.50,15.10,2026-01-01
04040ee654b248cdc512a68ecc83e4cc,1,cc7d8d232e6f5f27b70be81b68e27d6e,da8622b14eb17ae2831f4ac5b9dab84a,2018-04-02 22:30:13,259.90,15.29,2026-01-01
0438fc3e115633e11a93c878a1591016,1,afeeea6271148ee1bb15173b8187c431,53243585a1d6dc2643021fd1853d8905,2018-08-17 10:10:18,249.00,15.22,2026-01-01
045c9852284420b9c02d156436e1481c,1,115e606ac8059e4cfa1c6c3310fb365c,1838dd9b8977065acf51d95e0053ea7a,2018-05-18 16:57:04,39.90,15.23,2026-01-01
04a59fe46fc5aa341da5378c195ed53c,1,2a15783d3cb601f8d9a6a86806b037b3,855668e0971d4dfd7bef1b6a4133b41b,2017-12-04 09:31:11,60.00,15.18,2026-01-01
05387d537bd2e5027aadbfb6a5123e4b,1,386703f26f328414fe118e10a5d92675,ea8482cd71df3c1969d7b9473ff13abc,2017-11-10 16:47:31,27.99,15.79,2026-01-01
05ae7d6bd78e2a61f4c0076a9d690aa8,1,c80124276571cd4bef53cf35d9b36c5c,2528513dd95219a6013d4d05176e391a,2018-07-26 12:43:35,219.00,16.83,2026-01-01
06875ab72c5b9bb2eb303a70031bfeb0,1,f4c9a2926d5a2fe099ebbe7d0967bd37,643214e62b870443ccbe55ab29a4dccf,2018-01-17 20:15:47,39.90,7.78,2026-01-01
06a6627d9cc91a04e9d146bf65fee0a2,1,996ae0a67e63b78b427a1f8d07543e86,dc4a0fc896dc34b0d5bfec8438291c80,2017-07-20 10:35:14,99.90,13.72,2026-01-01
06ad94997dd34a7c2186b82d8e9be6a5,1,40cb7bb3d30559b9b6c4fb62bc837962,cca3071e3e9bb7d12640c9fbe2301306,2017-06-26 03:33:33,59.90,16.86,2026-01-01
06ae7271902bbb087fc093137fee6e81,1,da0bb22eb8eb2bce31a3784570528efb,3d871de0142ce09b7081e2b9d1733cb1,2018-01-30 09:09:35,79.00,17.80,2026-01-01
06bafdd8b6d0b5befb44337a7674a1ec,1,78cff417987f620d4277395265379d6a,4d6d651bd7684af3fffabd5f08d12e5a,2018-02-15 12:07:44,79.00,12.05,2026-01-01
0760a852e4e9d89eb77bf631eaaf1c84,1,1522589c64efd46731d3522568e5bc83,28405831a29823802aa22c084cfd0649,2018-08-13 06:15:14,35.00,15.35,2026-01-01
07fbc4f433fc8754c492bc6dfb0b1c52,1,0521fe3eb04940304b489d0fb49a37dd,e99e927c81e3f51739c94fcdfca9f10f,2017-07-11 17:28:30,94.98,21.15,2026-01-01
08652363092b158440e2422e7c3ccaf4,1,251876e7ba013b87b7262fb2524e2d60,7aa4334be125fcdd2ba64b3180029f14,2017-12-08 19:04:48,64.89,17.70,2026-01-01
08763574782690116475ea62ffdecadb,1,e9def91e99c8ecb7c5cef5e31506a056,850f4f8af5ea87287ac68de36e29107f,2017-12-11 07:59:26,69.99,15.25,2026-01-01
0917636d789ce3b3eac37895935af5c2,1,6bbe55cf8f85c87b6eebb775a53402f4,0db783cfcd3b73998abc6e10e59a102f,2017-11-30 00:58:27,69.90,15.24,2026-01-01
09bb35a3939c3181b4a5619cb3918976,1,e24f73b7631ee3fbb2ab700a9acaa258,0cbcee27c791afa0cdcb08587a2013a8,2017-11-30 03:51:10,99.00,17.94,2026-01-01
09d3f9f1be63c067456cc619076685a1,1,2d2fbde9939c282238dc0847b04c5018,ce27a3cc3c8cc1ea79d11e561e9bebb6,2017-08-29 16:20:13,52.00,11.86,2026-01-01
0a4a2fccb27bd83a892fa503987a595b,1,f7d7b5c58704fb359a74580622800051,4a3ca9315b744ce9f8e9374361493884,2017-04-28 20:55:09,38.50,24.84,2026-01-01
0ab63e307694f40a88a0ecd358c0939d,1,a322cb898d31adbe4a4de692f4bc0276,218d46b86c1881d022bce9c68a7d4b15,2018-04-23 05:50:27,148.00,15.13,2026-01-01
0ac645ddb846d1373321decb39c9956f,1,1501b0033c68a37fa9560033a440e529,82cb9f452fe8334df74b22d37824b431,2018-05-13 21:14:16,49.10,18.23,2026-01-01
0ac645ddb846d1373321decb39c9956f,2,1501b0033c68a37fa9560033a440e529,82cb9f452fe8334df74b22d37824b431,2018-05-13 21:14:16,49.10,18.23,2026-01-01
0acdae809654a2de1235d18a12cf73f3,1,7564c1759c04fc0a38f2aa84f7a370ee,6860153b69cc696d5dcfe1cdaaafcf62,2018-06-18 12:19:40,42.97,23.10,2026-01-01
0adf4c5c9a1399ceefdb7ba880df1ca7,1,f35927953ed82e19d06ad3aac2f06353,669ae81880e08f269a64487cfb287169,2017-02-26 13:22:13,115.00,30.01,2026-01-01
0ae7144116fa718b3bb90cd8d855713a,1,ca9bcd697674a4d0eeb84be9c533b9d2,232a6014e7b10cba61c6c2b2ea6bb4b0,2017-04-27 02:55:33,39.90,26.61,2026-01-01
0ae7144116fa718b3bb90cd8d855713a,2,ca9bcd697674a4d0eeb84be9c533b9d2,232a6014e7b10cba61c6c2b2ea6bb4b0,2017-04-27 02:55:33,39.90,26.61,2026-01-01
0b0f3c7a9bcb6ad1fccab28f9240da6f,1,d929915b6b69f9c91192c898b6fc21fc,97512d3fc193b2d1dfcdba0f9d1f0f8a,2018-07-17 17:35:21,64.99,31.48,2026-01-01
0b50bea7ba1e8ba7a21b01b7c9d1350b,1,3db75f31b76375c502f64d550dcd1166,85d9eb9ddc5d00ca9336a2219c97bb13,2017-11-13 10:14:27,31.90,42.38,2026-01-01
0b584b729bdfec204ec2aa5d21d6ca56,1,4a0d42e046d1d4d039b4b7807ca46e83,3bb32fedaa74e4ad20f4ce067733bd31,2018-08-08 05:05:18,55.90,22.32,2026-01-01
0bb0dd89956cc5f44ff556c2189e7160,1,85337022853da10b8f5fd7d1ef180421,fc906263ca5083d09dce42fe02247800,2017-06-27 02:26:00,39.90,14.10,2026-01-01
0bc4a984d79279c843421830f595273c,1,21a53da27d4b830f32f475a09f0bd54a,4a3ca9315b744ce9f8e9374361493884,2017-10-23 18:35:10,72.00,13.52,2026-01-01
0c228d925a49aa5e3b35febb948f4f72,1,a526c4bc0a48c0e4345f97af496d87cd,7b07b3c7487f0ea825fc6df75abd658b,2018-07-26 13:24:34,144.90,16.11,2026-01-01
0c6b011f8a4f87010c23995f5807d152,1,1600dcf1cea8c0c83702e07b577ab231,6560211a19b47992c3666cc44a7e94c0,2018-08-22 18:35:26,43.00,23.02,2026-01-01
0d09617395364c88c4ad7c457b439314,1,19c91ef95d509ea33eda93495c4d3481,06a2c3af7b3aee5d69171b0e14f0ee87,2018-06-12 09:11:43,122.99,20.91,2026-01-01
0d13e311818a800d01cd46fb35dd3c27,1,33e77eecc23c25a65d10f627e5053617,a7f13822ceb966b076af67121f87b063,2017-04-09 23:25:13,129.96,36.74,2026-01-01
0d25f1b15acb59ceff22667265743132,1,1b3c5b1455f3e42d831fb778055c9e45,17e34d8224d27a541263c4c64b11a56b,2017-08-09 22:04:53,355.90,18.25,2026-01-01
0d5cbb8e4c1c7a7fc26899126197a6b9,1,a8b3b0af05abaf1bc4d318debe51f3e1,02f623a8eb246f3c5f7c2f96462654e6,2018-07-03 12:08:25,140.00,15.29,2026-01-01
0dad6beca7ed0e352668498c29089900,1,cfc4861ae14c9e9e7679355f863c18d4,e5e33c0d8e7e002f398f5dc4cbbb338f,2017-12-07 14:17:20,98.70,12.19,2026-01-01
0daf1f0e67b534ad873ba61c5d6ad7d3,1,1f30aacc69904c0d0bf8d05cb2abef72,4a3ca9315b744ce9f8e9374361493884,2017-09-13 11:03:50,135.00,18.20,2026-01-01
0e31f844aae10fe7dc2369bc0340bf21,1,15fdd6032f35d4add5066fb90be28630,6560211a19b47992c3666cc44a7e94c0,2017-10-23 17:46:49,89.00,15.37,2026-01-01
0e782c3705510e717d28907746cbda82,1,79da264732f717f10ebf5d102aa6c32a,562fc2f2c2863ab7e79a9e4388a58a14,2018-05-07 08:52:58,29.99,7.39,2026-01-01
0f02ea56e4c9e7d30adb19a0c3e07b02,1,cec09725da5ed01471d9a505e7389d37,4d6d651bd7684af3fffabd5f08d12e5a,2018-03-08 02:15:27,69.90,16.12,2026-01-01
0f8532e6a9c1e86b215fda5c13f37fad,1,22594ba8fd9a72ad95d352929c821560,7c67e1448b00f6e969d365cea6b010ab,2017-05-24 02:42:28,112.99,17.53,2026-01-01
0f8532e6a9c1e86b215fda5c13f37fad,2,22594ba8fd9a72ad95d352929c821560,7c67e1448b00f6e969d365cea6b010ab,2017-05-24 02:42:28,112.99,17.53,2026-01-01
0f8532e6a9c1e86b215fda5c13f37fad,3,22594ba8fd9a72ad95d352929c821560,7c67e1448b00f6e969d365cea6b010ab,2017-05-24 02:42:28,112.99,17.53,2026-01-01
0f8532e6a9c1e86b215fda5c13f37fad,4,22594ba8fd9a72ad95d352929c821560,7c67e1448b00f6e969d365cea6b010ab,2017-05-24 02:42:28,112.99,17.53,2026-01-01
0f8532e6a9c1e86b215fda5c13f37fad,5,22594ba8fd9a72ad95d352929c821560,7c67e1448b00f6e969d365cea6b010ab,2017-05-24 02:42:28,112.99,17.53,2026-01-01
0f8532e6a9c1e86b215fda5c13f37fad,6,22594ba8fd9a72ad95d352929c821560,7c67e1448b00f6e969d365cea6b010ab,2017-05-24 02:42:28,112.99,17.53,2026-01-01
0f93b20928bc59f8571a39b03ed0c1bb,1,368c6c730842d78016ad823897a372db,1f50f920176fa81dab994f9023523100,2017-09-29 10:04:02,59.90,17.67,2026-01-01
0f9dc92df0635605588c51ec2e4c58a0,1,e1e932dfb67414e80b87ad97688cf2a3,fde0cc9ea29c8ccfc0a2c22256a58c71,2018-01-03 19:29:30,99.00,34.35,2026-01-01
0fc34e566d3273325c404c113f4a8b2a,1,8896b8c893a3dc9e5a6d10e00bada716,cd68562d3f44870c08922d380acae552,2017-11-08 15:10:35,189.00,16.07,2026-01-01
103355b1bc5b63508c20e2b7eeb58961,1,3a05a947f28cf46d789adedc107d7595,87142160b41353c4e5fca2360caf6f92,2017-03-09 18:41:59,110.00,29.81,2026-01-01
10918fe4d665fda80034712895c2b92f,1,32ad146ce66014dd98fdc2190bc995d6,b6dc74ed30f124f95227bed4e43a3bed,2017-07-06 08:32:20,33.80,42.38,2026-01-01
10c320f977c6a18f91b2d14be13128c6,1,b3be1f83cef05668c25e134852d44545,3b15288545f8928d3e65a8f949a28291,2017-05-16 21:02:45,110.99,21.27,2026-01-01
1107e64e1795b6cf551a7044612e8bd8,1,fb2631932085fc37d651d3408aa65a8c,218d46b86c1881d022bce9c68a7d4b15,2017-03-02 17:45:14,143.99,17.85,2026-01-01
112f6cd3047e7f158607233e26206398,1,84e1b9c6ba2ed178bd217097b41f1251,1b938a7ec6ac5061a66a3766e0e75f90,2018-01-10 03:31:53,74.90,44.99,2026-01-01
1133f2dfc033ba92bf6c470b20f6f332,1,80ac250f5bffe3fff8097929c3c4a938,891071be6ba827b591264c90c2ae8a63,2018-05-28 07:55:10,34.99,18.23,2026-01-01
114e12eca60507f3e3153182f258684d,1,e27c4dd075a521097a085bced0631ce7,701938c450705b8ae65fc923b70f35c7,2017-08-22 03:26:11,115.97,45.27,2026-01-01
116f0b09343b49556bbad5f35bee0cdf,1,a47295965bd091207681b541b26e40a5,ea8482cd71df3c1969d7b9473ff13abc,2018-01-02 23:50:22,27.99,15.10,2026-01-01
118045506e1c1dda060171af43fe11b4,1,2c4930c4b284c7b99db2a4c52071a45e,2a261b5b644fa05f4f2700eb93544f2c,2018-03-15 19:08:26,45.00,27.08,2026-01-01
118045506e1c1dda060171af43fe11b4,2,2c4930c4b284c7b99db2a4c52071a45e,2a261b5b644fa05f4f2700eb93544f2c,2018-03-15 19:08:26,45.00,27.08,2026-01-01
118045506e1c1dda060171af43fe11b4,3,2c4930c4b284c7b99db2a4c52071a45e,2a261b5b644fa05f4f2700eb93544f2c,2018-03-15 19:08:26,45.00,27.08,2026-01-01
118045506e1c1dda060171af43fe11b4,4,2c4930c4b284c7b99db2a4c52071a45e,2a261b5b644fa05f4f2700eb93544f2c,2018-03-15 19:08:26,45.00,27.08,2026-01-01
118045506e1c1dda060171af43fe11b4,5,2c4930c4b284c7b99db2a4c52071a45e,2a261b5b644fa05f4f2700eb93544f2c,2018-03-15 19:08:26,45.00,27.08,2026-01-01
12764e11143d316ea2257118daa2e3bc,1,337f10f83d8ba37edab89b7a0e9f32b0,42b729f859728f5079499127a9c2ef37,2018-05-29 16:31:23,19.90,7.39,2026-01-01
136cce7faa42fdb2cefd53fdc79a6098,1,a1804276d9941ac0733cfd409f5206eb,dc8798cbf453b7e0f98745e396cc5616,2017-04-19 13:25:17,49.90,16.05,2026-01-01
1370fae9b19ee5e01a2d609eb18b7c8a,1,a50acd33ba7a8da8e9db65094fa990a4,8581055ce74af1daba164fdbd55a40de,2017-11-21 13:55:31,117.30,28.20,2026-01-01
138849fd84dff2fb4ca70a0a34c4aa1c,1,304fad8dc4d2012dc4062839972f2d96,6860153b69cc696d5dcfe1cdaaafcf62,2018-02-08 02:53:07,39.47,13.37,2026-01-01
141ad0192cfa16174e4fd0a1a7e7ba4a,1,290bd89e961af9ea5a733bc477c50355,8648b1e89e9b349e32d3741b30ec737e,2018-06-11 21:30:06,94.50,9.58,2026-01-01
142ac5357e541e5881d26fc5eb5f3754,1,99e28f7c171b6945dc991d1178ffedfe,7daca0837f033a41a6f3428c18657533,2018-05-07 03:15:02,279.99,31.82,2026-01-01
1446390485bfa8ea593dbd273d725218,1,3c0f50234e2cac5b619f358d4325be0d,3d871de0142ce09b7081e2b9d1733cb1,2018-01-16 14:09:26,89.00,13.64,2026-01-01
14676aebeb151a1fa4f20e8fc3544621,1,898fa82b63404937c7a3c2cc77d6e5b5,4d9fea3499bdc22aa4da4e339365f215,2018-02-22 15:50:36,96.00,14.42,2026-01-01
14986dd5b5dc6b4203bda6666311e4d0,1,15bef25125df6626665f702257bd1e79,55dedd83e501d8248880557d9073cbfd,2018-08-27 22:30:10,155.00,14.30,2026-01-01
14d68c5b215a31950340dc9cb3f73efe,1,5a848e4ab52fd5445cdc07aab1c40e48,c826c40d7b19f62a09e2d7c5e7295ee2,2018-02-01 12:00:34,122.99,14.61,2026-01-01
14e6e050a57912543937e93051cc7b2c,1,3940247162a820eff119efe47b02182f,82cb9f452fe8334df74b22d37824b431,2018-06-28 19:20:23,49.10,19.53,2026-01-01
15bed8e2fec7fdbadb186b57c46c92f2,1,61d52f4882421048afd530db53d6f230,fa74b2f3287d296e9fbd2cc80f2d1cf1,2017-09-20 14:30:09,125.90,12.38,2026-01-01
15d086bbbae9b9e4b50c916c919479ed,1,c706d50b57c9e83293c2586d01f32445,7ecd59e5e20407131822c1a68ac59c1f,2018-08-03 06:15:12,49.99,23.50,2026-01-01
15fb9c745e91eff5482a9af2a5fad0e6,1,5650f9e1f73d0a1c0176988cf2e950d5,2d518637f53161b973e01f56ea4bb88e,2018-06-01 08:14:40,99.99,37.39,2026-01-01
169f6274660e528484fd239aa7d27097,1,f71973c922ccaab05514a36a8bc741b8,5dceca129747e92ff8ef7a997dc4f8ca,2017-07-04 02:45:12,89.90,34.79,2026-01-01
16c24987724018f73b746aacfbb5f8e8,1,f3dbf072e817667fbde052aae313cce1,973f21788dfab357250f69a8dcb7ddee,2017-05-29 03:50:25,135.00,45.45,2026-01-01
16cb3a72f04e248a1244b076ce0d9bb7,1,39774ab6b55af4ca99782e23935a97a4,7c67e1448b00f6e969d365cea6b010ab,2018-06-08 14:37:15,149.99,74.78,2026-01-01
16e38caa92e342c7780f68832f832d4d,1,4a1ccd2d546bbea7809a0cf98863eb50,b1a81260566c1bac3114a6d124413f27,2018-05-11 16:52:39,189.90,53.46,2026-01-01
16e62e9da7d33d61b6f26ccf68bc962c,1,aa2c2dd775bbdbfd93d8b8c36c6f55a4,ff1fb4c404b2efe68b03350a8dc24122,2018-03-01 02:08:59,380.00,35.93,2026-01-01
1790eea0b567cf50911c057cf20f90f9,1,2d8f2be4f08788ee3bf5356af2b2ee6c,d91fb3b7d041e83b64a00a3edfb37e4f,2018-04-22 22:10:26,186.90,38.00,2026-01-01
17c2ee64306efa76f1389315a974eeba,1,704ef63ad0ac345842ea734060a83db2,da8622b14eb17ae2831f4ac5b9dab84a,2017-12-05 19:16:55,74.90,16.28,2026-01-01
186d50e82bb60fc547f3dbf7aa6f6f8a,1,bb42f37fc3d9130e4a4339d24a47dd7c,da8622b14eb17ae2831f4ac5b9dab84a,2018-08-24 16:50:16,44.90,8.47,2026-01-01
18905a8655f8255bf50d2eeadce2641e,1,87a71ae93900ab55fcf685c8040769b3,8b321bb669392f5163d04c59e235e066,2018-02-01 02:52:27,12.90,17.63,2026-01-01
18bf036204cea32b152a8e2a2f2bab40,1,7239a6e2e573d13f4a62f90868e40264,7c4402417d51474d4d0cda9557340e40,2017-05-15 16:35:23,119.90,27.69,2026-01-01
18d686f1bb1270182c646fe337459d79,1,7945bb528c42095fccdf46321742afce,0adac9fbd9a2b63cccaac4f8756c1ca8,2018-02-21 14:27:08,44.90,12.69,2026-01-01
191a0013ee3ec32e27da5f85cf028081,1,30ac6df06dc59ad72cf2f158fc2d904c,0dd184061fb0eaa7ca37932c68ab91c5,2018-04-05 12:31:41,120.00,34.38,2026-01-01
19721d59a9764437477eff0730b48665,1,fd25ab760bfbba13c198fa3b4f1a0cd3,6d803cb79cc31c41c4c789a75933b3c7,2018-04-02 11:15:38,185.00,20.26,2026-01-01
197edbaa61a8a349f382553fd2180ee1,1,22a8168cf1f1c6347da8d29863b7f75e,612170e34b97004b3ba37eae81836b4c,2018-07-11 14:10:56,296.50,9.66,2026-01-01
1a08b06cb8b9b557453b70b83fdc69cb,1,db6796aa712a2626572bb3d0b9a039cf,4a3ca9315b744ce9f8e9374361493884,2018-01-26 13:53:51,69.90,13.51,2026-01-01
1a4cc55b483d875e3b8bbd64a1b31bba,1,6f2d7833b8f0a094571ebddebdc6623a,ea8482cd71df3c1969d7b9473ff13abc,2018-04-19 12:55:48,49.99,17.06,2026-01-01
1a7ee01992a69255a005e9db8a96d898,1,15f50a93f26d97e9c940e45271e8c177,edf96ef93ed595084bbcbd9224bd2894,2017-06-08 20:05:12,243.00,35.06,2026-01-01
1ac605c3c8e2ee53279c7b0bd52c6aec,1,1697727d6c82c23c7149c6c773683d2c,e89c4adbe7b1d0819dbb636e16461cf1,2018-03-16 09:48:39,159.00,18.02,2026-01-01
1b00c4d80c81cdbc36487c96c6e92f07,1,b6c3ac7e88727311d75dc5695fb9f18e,2f09f7d37a97956d11cc1a7cadd5262b,2017-05-22 03:22:50,95.00,17.92,2026-01-01
1b5bd1070a7857f30e0856e204f30f25,1,8551bb37c32cf4ff78125402b9c1942f,e21a1e8be4715b0fcfd5385643bc49c4,2017-12-05 02:18:46,29.90,16.79,2026-01-01
1b99333d39cf95f48be3864b2e1e88b3,1,0ae10ca52e6cb8745e17c11e7c43907c,520b493b57809f446cb0a233bb3e25c7,2017-05-29 20:35:07,39.90,9.94,2026-01-01
1b9ecfe83cdc259250e1a8aca174f0ad,1,ad673c1cd02b966e931f9db4fdc34791,9646c3513289980f17226a2fc4720dbd,2018-08-14 04:10:26,25.00,8.34,2026-01-01
1c35ac660d7ef6691b25d20df3d6eccb,1,42a2c92a0979a949ca4ea89ec5c7b934,813348c996469b40f2e028d5429d3495,2017-07-03 23:35:09,59.90,14.13,2026-01-01
1c5998a66da200447c5cbb528969a95a,1,44a6e4ecf7b48f87481c243383b1c4cf,4c498c7345e89aebad651544829beca0,2018-01-23 07:29:51,42.90,14.10,2026-01-01
1cb6cfd9e6306cfe607017391834999a,1,1c99a6128a79a5fb5a34c1c6b3be9067,7142540dd4c91e2237acb7e911c4eba2,2017-05-16 20:22:41,74.90,30.47,2026-01-01
1cb6cfd9e6306cfe607017391834999a,2,6f2c108731ef77738da45855e737c1bd,7142540dd4c91e2237acb7e911c4eba2,2017-05-16 20:22:41,74.90,28.43,2026-01-01
1cbcc355e275e5143ab1dbf260ca14f1,1,222efa72a47277d611b8b38d71149afd,cd06602b43d8800bd0afad514919d35c,2017-03-16 19:04:41,6.00,8.72,2026-01-01
1d067305b599c1e0dceb3864056ea527,1,2a2d22ae30e026f1893083c8405ca522,1a3df491d1c4f1589fc2b934ada68bf2,2018-02-22 12:15:38,148.90,21.53,2026-01-01
1d251ab94983c4adb11e4b168abb1439,1,fb92dc4602bd9224e0e267496748afc5,8ae520247981aa06bc94abddf5f46d34,2018-03-14 00:49:38,219.00,19.41,2026-01-01
1d5b194c01e762aa59a47ae8dca7199f,1,c6ea63369936552872ae890c82175b4b,37be5a7c751166fbc5f8ccba4119e043,2017-06-19 18:02:36,219.99,15.14,2026-01-01
1d767ef13195f2cb3337b6b077e1f752,1,995132c3d9a4d244fdc9fb4b3d5c8e82,725c32fa80c2faacc4fc88450d27314e,2018-07-25 15:59:57,139.99,17.17,2026-01-01
1da00355018ed3e0fdd548cf3ddada99,1,59c1840441f4df065f52760bf51a8442,cab85505710c7cb9b720bceb52b01cee,2017-12-21 20:50:00,64.90,15.20,2026-01-01
1e7aff52cdbb2451ace09d0f848c3699,1,8c591ab0ca519558779df02023177f44,a1043bafd471dff536d0c462352beb48,2017-05-25 19:05:17,119.99,34.20,2026-01-01
1e8c81805b92ff169971231458670460,1,04d70d184a7c12c93cecd9c0d8b5ad69,c70c1b0d8ca86052f45a432a38b73958,2018-05-10 10:51:52,110.32,18.65,2026-01-01
1e8c81805b92ff169971231458670460,2,04d70d184a7c12c93cecd9c0d8b5ad69,c70c1b0d8ca86052f45a432a38b73958,2018-05-10 10:51:52,110.32,18.65,2026-01-01
1f3fcd02b6ab99b6b499dcd412076175,1,85095e161b46d68305c1293b02c27d23,70a12e78e608ac31179aea7f8422044b,2017-07-26 06:35:12,145.00,9.76,2026-01-01
1f6405caa14a2debb88594b0471ed340,1,c81ae6207142d6d844dfe928e7e51b04,c87abc38c8ed3240861729e1aeadf221,2018-01-09 04:08:40,133.00,15.68,2026-01-01
1f69e4870ffb8313df2fef3df0af2718,1,b5f0fcccccb9b8be8914e92fd322804f,ceaec5548eefc6e23e6607c5435102e7,2018-03-19 10:29:08,380.00,35.83,2026-01-01
1f7ef4e37ca10d4ed60f43c7cf81e181,1,c211ff3068fcd2f8898192976d8b3a32,da8622b14eb17ae2831f4ac5b9dab84a,2017-12-26 09:58:26,24.90,15.10,2026-01-01
203096f03d82e0dffbc41ebc2e2bcfb7,1,5ac9d9e379c606e36a8094a6046f75dc,633ecdf879b94b5337cca303328e4a25,2017-09-25 04:04:09,109.90,8.96,2026-01-01
2042abeefae68e63a8aa30edd4b0eb48,1,fc1d8637c0268af3db482c14b7ef8e75,da8622b14eb17ae2831f4ac5b9dab84a,2018-06-04 23:49:24,149.90,12.14,2026-01-01
20a6605d8265ca357d15eaf4f6710f63,1,e6b6e13cf71449a457269f425b89dc74,b2ba3715d723d245138f291a6fe42594,2017-05-18 15:10:13,89.90,15.38,2026-01-01
20e0101b20700188cadb288126949685,1,64d0feb1bcf9c7fe7b5dad3271c10910,e5a38146df062edaf55c38afa99e42dc,2018-01-26 19:36:35,89.18,16.38,2026-01-01
210e60465099814a1d2c7635e4065153,1,b69eb25e3a4def8e9cddee18712e0c5e,8ed8ea9a57c862f2c18c2fe41f601d56,2018-05-11 18:54:13,199.00,32.79,2026-01-01
21c71f62d2554e1ad6c8ba9dc7af2c62,1,43423cdffde7fda63d0414ed38c11a73,b1fc4f64df5a0e8b6913ab38803c57a9,2017-12-29 04:51:23,59.99,14.17,2026-01-01
21f4a37ec131158f1615d0f186f190af,1,78119fbfa709d07b86f5ccf15043c6d6,b33e7c55446eabf8fe1a42d037ac7d6d,2017-12-28 20:30:28,199.98,12.90,2026-01-01
21fc1ff2a7ed8b2ec6ff62ac18d7a1b7,1,9c3225fb1d3bb4943cf7be6afa4b4246,0dd184061fb0eaa7ca37932c68ab91c5,2018-02-21 11:15:32,55.00,16.64,2026-01-01
22bd668810988f93e2c335459e72a312,1,2629c2e1e3a0b360912763741f1bb7ef,0bf0150d5b9d60d9cd2906003332f085,2018-01-03 20:35:30,64.90,11.73,2026-01-01
22d17396ac4c177e0ea83929cd4f845d,1,83b00325c13c44245b2c3a2befa62a0e,ad781527c93d00d89a11eecd9dcad7c1,2017-10-03 14:56:18,159.99,57.79,2026-01-01
22ff7c206b68858435452298296c2fcb,1,da1cfaaffa7720fe28f26f18d52f5ad9,0ea22c1cfbdc755f86b9b54b39c16043,2017-05-04 10:32:12,39.90,10.96,2026-01-01
232b75e8b6faa6ca2063184414e634a7,1,952670bc019a73f0933157ec82ff6e4f,37be5a7c751166fbc5f8ccba4119e043,2017-10-04 03:35:03,159.00,21.95,2026-01-01
234c056c50619f48da64f731c48242b4,1,0bbb557651f08b3c732d9836de4d0bc3,cac4c8e7b1ca6252d8f20b2fc1a2e4af,2018-08-23 03:15:15,59.99,15.72,2026-01-01
23f553848a03aaab35bb3f9f87725125,1,cac9e5692471a0700418aa3400b9b2b1,36890be00bbfc1cdb9a4a38a6af05a69,2018-06-15 09:31:23,99.20,18.57,2026-01-01
248ff7b41bfa395f5ee828720889e664,1,abaf51d7a67cc363c8da7ae77d15ecdb,23ff42c4bf1f8f16cddb19d8b972974a,2017-11-23 13:31:17,24.90,16.79,2026-01-01
258f2e5dd769d9314b349f5650005dcc,1,5994a2fdff4b0f9ca4376c4226adb442,33a17d60c64393351ebf1ef860f4e0f2,2018-02-08 11:10:37,129.97,35.43,2026-01-01
25b6b32773813a83fe535d412fa6e805,1,9a2e821cfc513051382e27606ab3325c,3d871de0142ce09b7081e2b9d1733cb1,2017-11-30 17:55:23,79.00,28.95,2026-01-01
25d47ee9a060a0359e8a10a858fc39a1,1,165f86fe8b799a708a20ee4ba125c289,7ddcbb64b5bc1ef36ca8c151f6ec77df,2017-12-28 02:11:17,166.99,23.49,2026-01-01
25ebb07a1069a75d3cb9baf0a94f22d0,1,feeed1b9f26cce6eb3cb81af65eddd9e,381c83fdca332ea6afd896da20bf6e4a,2018-07-26 09:19:18,182.00,19.42,2026-01-01
25f4376934e13d3508486352e11a5db0,1,aca2eb7d00ea1a7b8ebd4e68314663af,955fee9216a65b617aa5c0531780ce60,2018-05-22 01:17:39,69.90,12.43,2026-01-01
263ba12390d0fbce329dd16da8cd20f8,1,c5fff00bf5f821911d676badbb286675,da8622b14eb17ae2831f4ac5b9dab84a,2018-06-22 10:21:32,134.90,12.43,2026-01-01
265f4e28ef8cf69f8445e2951bbe7343,1,7e0dc102074f8285580c9777f79c90cf,e26901d5ab434ce92fd9b5c256820a4e,2017-03-15 00:33:11,39.90,24.84,2026-01-01
267e5fff0e80197e6553c5596ed81dbd,1,634256dbcd184b3757ffd7632c9fe52a,42b729f859728f5079499127a9c2ef37,2018-07-24 12:03:54,27.90,7.46,2026-01-01
26e7beff0239dc6ed3a8f2bb5972911c,1,03e931f387c2dd5b006aecdb12515b2e,1900267e848ceeba8fa32d80c1a5f5a8,2018-01-26 15:38:22,53.00,12.71,2026-01-01
2711a938db643b3f0b62ee2c8a2784aa,1,ad1128daf194f4b6ac4256e16233497c,1ca7077d890b907f89be8c954a02686a,2017-12-29 02:15:31,45.00,14.10,2026-01-01
2728209b1b0553533bce4afc52716b60,1,b573e2860f2732edf610345956e81bb9,165fc07beebdcb6190fba8a06db2a449,2017-11-01 02:56:19,175.00,16.99,2026-01-01
2728209b1b0553533bce4afc52716b60,2,b573e2860f2732edf610345956e81bb9,165fc07beebdcb6190fba8a06db2a449,2017-11-01 02:56:19,175.00,16.99,2026-01-01
275950acf4956dfc3d23514eb61f1d9b,1,36f60d45225e60c7da4558b070ce4b60,88460e8ebdecbfecb5f9601833981930,2018-02-20 15:50:37,67.90,12.61,2026-01-01
27a78fdbe7b915a0596af3a5803a41cb,1,ed5122a6a757a4fea8f32a6fb95a5135,fdb9095204a334cd8872252ffec6f2db,2018-05-16 16:30:56,110.00,13.21,2026-01-01
27a78fdbe7b915a0596af3a5803a41cb,2,ed5122a6a757a4fea8f32a6fb95a5135,fdb9095204a334cd8872252ffec6f2db,2018-05-16 16:30:56,110.00,13.21,2026-01-01
27f9fff9f14236589804b62bce39f526,1,ed6d2fe9a24cfdfd0f4c40094db5145b,83e197e95a1bbabc8c75e883ed016c47,2017-07-11 17:36:57,122.50,18.11,2026-01-01
2807d0e504d6d4894d41672727bc139f,1,6893767814d1ac82a81bcd365e1cc918,8b321bb669392f5163d04c59e235e066,2018-02-08 20:50:22,9.50,7.78,2026-01-01
287c56aa824d8d1ea40246ad12013f62,1,4ff38de0673d41a0da1499e300720ef6,5b07547f10dd980738a1a27f685af669,2018-08-08 10:45:12,69.90,13.15,2026-01-01
28b2d19e3d604381f30089a68a4e0831,1,48bc0b16a79dc0d94adfb679e1f6e965,b83cedfb587e7911540e3f576d6917ce,2018-05-04 14:53:31,66.99,11.15,2026-01-01
28fa410eec232354726af94904c6fa9b,1,61a53738adc5c0e8d243553320f9ba1c,7c67e1448b00f6e969d365cea6b010ab,2018-04-03 03:48:59,79.97,20.60,2026-01-01
2978901accabf6eef42711d8133a62f1,1,22c051b01971f34702857840a0e03fab,f5a590cf36251cf1162ea35bef76fe84,2017-11-29 14:49:06,199.99,23.98,2026-01-01
2b0ff3c2ec4265091bba2e1e5d9aa762,1,674d9e3c3964c35239687c920b19a307,2138ccb85b11a4ec1e37afbd1c8eda1f,2017-05-18 19:10:18,29.99,7.78,2026-01-01
2b0ff3c2ec4265091bba2e1e5d9aa762,2,674d9e3c3964c35239687c920b19a307,2138ccb85b11a4ec1e37afbd1c8eda1f,2017-05-18 19:10:18,29.99,7.78,2026-01-01
2b0ff3c2ec4265091bba2e1e5d9aa762,3,674d9e3c3964c35239687c920b19a307,2138ccb85b11a4ec1e37afbd1c8eda1f,2017-05-18 19:10:18,29.99,7.78,2026-01-01
2b72a32a2c3e93fa260ca7655073886f,1,cc3181a81384b6fc34602d49cb6068a6,e882b2a25a10b9c057cc49695f222c19,2018-04-25 08:15:16,1148.00,107.43,2026-01-01
2ba4074f243f2ec78961779a7c89b1c3,1,29427de7f8a9ee983d9dbc51cec569b4,7a67c85e85bb2ce8582c35f2203ad736,2017-07-03 03:45:23,99.99,17.95,2026-01-01
2babe10ce6bcb68b1e3bd35e24424466,1,c985e917daf44dfe2779833209017098,95ec4458365c4d11f452ccf538377619,2018-08-15 23:05:11,18.90,7.39,2026-01-01
2c3a5e5f5bc3ae78ed5748461e62d47d,1,d8de812ed5d981fc6a3984f4caa2aa05,54a1852d1b8f10312c55e906355666ee,2018-01-26 19:36:30,59.99,9.74,2026-01-01
2cb414479754a8e1ed07eed0ccfc0778,1,98600823ba81f3ba76386dac7c31ee06,abe42c5d03695b4257b5c6cbf4e6784e,2018-06-11 10:49:57,399.00,39.48,2026-01-01
2ce1ad82022c1ba30c2079502ac725aa,1,f35927953ed82e19d06ad3aac2f06353,669ae81880e08f269a64487cfb287169,2017-08-17 04:15:29,115.00,15.56,2026-01-01
2d5cdc856665603f1580e3586bde89a5,1,9ddd762ee8a13576a809dc66f22aa2b5,da8622b14eb17ae2831f4ac5b9dab84a,2018-02-05 17:57:55,199.90,17.03,2026-01-01
2d816b6a11ddd3843f307d1333321091,1,4c82c8d31845d751d797debc3d03697f,ce27a3cc3c8cc1ea79d11e561e9bebb6,2017-08-28 19:06:03,18.90,7.78,2026-01-01
2d8f8f85abccae68275f423d878f2b7e,1,e5ae72c62ebfa708624f5029d609b160,9c0e69c7bf2619675bbadf47b43f655a,2018-03-06 09:56:35,61.90,16.19,2026-01-01
2d9ea2efa410b1efd6bbd47d126819b6,1,9df634af5c467f3b07f3d92f7765aa64,8bd0f31cf0a614c658f6763bd02dea69,2018-02-23 01:47:38,82.00,16.82,2026-01-01
2e1b28b55908e9904e59370fa0ecbb8e,1,781afe929e3016a667f5f439afd55fce,08633c14ef2db992c11f840f04fad4cd,2017-12-27 14:13:23,107.90,21.56,2026-01-01
2ed75ffbf396fcdc6341f17d1a16ef5d,1,fcf41b0fb1a95c8f66330d698d55a532,850f4f8af5ea87287ac68de36e29107f,2017-12-18 21:11:32,79.00,9.37,2026-01-01
2edfd6d1f0b4cd0db4bf37b1b224d855,1,30469bb5ea377eae7121981e2f0778e4,80e6699fe29150b372a0c8a1ebf7dcc8,2017-06-21 03:05:45,113.00,28.15,2026-01-01
2f246ee329fce6932458bc7a10625d2a,1,060109450b2f49e4d5c4fdfd3d8ebc34,f8db351d8c4c4c22c6835c19a46f01b0,2017-06-01 18:45:10,24.90,16.79,2026-01-01
2f4545bda1b1c794a9a35a3fbe4257ba,1,7b31b39ebebeb8282009c48e5587b1d0,7a67c85e85bb2ce8582c35f2203ad736,2018-05-18 14:55:29,94.99,23.24,2026-01-01
302e27012670f8e2db4418e6c619f54c,1,a77453f011b20e66aec0d64f59106fbf,7178f9f4dd81dcef02f62acdf8151e01,2018-02-27 08:35:28,79.90,17.00,2026-01-01
305b0101ce8f8fd2d7b32f7480340018,1,de607575b49bac3e75ff4e11bd3d3c11,827f8f69dfa529c561901c4f2e0f332f,2017-05-05 18:45:15,29.90,14.52,2026-01-01
31426d292a5d34315a18ac11d6eef7eb,1,ef703385b2707af7f9af3e185679811c,a3e9a2c700480d9bb01fba070ba80a0e,2018-01-26 19:36:36,79.00,13.57,2026-01-01
315ab79b5d15b5e9304d729579d36a42,1,e3e8e08714c40e0101bd225f06bf4fef,f8db351d8c4c4c22c6835c19a46f01b0,2017-03-16 11:45:28,23.90,10.96,2026-01-01
31b157fa9491800710e3feeb482ccee9,1,5113c9a5037013b0a750444df6dec60f,54a1852d1b8f10312c55e906355666ee,2017-12-18 00:05:01,109.90,12.47,2026-01-01
31ef15cb5a3faa4df17e96b09cd8c1a1,1,da023890ca0515244ea89dc905faceba,8b321bb669392f5163d04c59e235e066,2017-12-05 19:31:02,19.90,14.10,2026-01-01
32931b358e8eb9042cf278a4e233321f,1,21fd3b391a97c2fedab9d0efdd183a93,9de4643a8dbde634fe55621059d92273,2017-07-10 04:45:13,488.99,23.91,2026-01-01
32bda40452bf0485c310bca24eb53886,1,8899e549604c83a99da5fd3ec51d955d,ce27a3cc3c8cc1ea79d11e561e9bebb6,2018-07-16 08:45:18,31.99,12.88,2026-01-01
32e4fa9bb468884309b58b9348de70c3,1,6d0d7c2d9a4b8b79dbc12c47c74349dd,709e16e2b25c7474d980076c6bfc4806,2018-07-06 17:31:30,59.00,13.07,2026-01-01
32e4fa9bb468884309b58b9348de70c3,2,6d0d7c2d9a4b8b79dbc12c47c74349dd,709e16e2b25c7474d980076c6bfc4806,2018-07-06 17:31:30,59.00,13.07,2026-01-01
33209e0f87b2ed543a0876812c9c5c40,1,e605538d760f85a1652bc128c724ab31,41b39e28db005d9731d9d485a83b4c38,2018-04-17 15:12:22,159.90,37.05,2026-01-01
338d39656f66d84fdf7b2d9b578121bf,1,8640f0c0e2d0af93274cad7452f80034,01fdefa7697d26ad920e9e0346d4bd1b,2017-06-26 17:10:17,64.90,16.21,2026-01-01
33a3edb84b9df4cb49546859b990ac6d,1,389d119b48cf3043d311335e499d9c6b,1f50f920176fa81dab994f9023523100,2018-02-28 16:10:41,49.90,17.60,2026-01-01
34276839abbc2d596eb36540d36c624c,1,83b00325c13c44245b2c3a2befa62a0e,ad781527c93d00d89a11eecd9dcad7c1,2017-10-10 23:14:17,159.99,57.79,2026-01-01
343076b69aa1f03ee4beb49cf6baee58,1,f1d4ce8c6dd66c47bbaa8c6781c2a923,1f9ab4708f3056ede07124aad39a2554,2017-10-02 11:24:44,174.90,31.97,2026-01-01
3440f090efa1949bc4e9ebd0b89b2b6c,1,0c3256090b6cc52703b152c874827cd7,3985a3c45be355a4c57fde108bfabd1c,2017-01-31 00:34:10,39.90,29.55,2026-01-01
34513ce0c4fab462a55830c0989c7edb,1,f7e0fa615b386bc9a8b9eb52bc1fff76,87142160b41353c4e5fca2360caf6f92,2017-07-19 20:10:08,98.00,16.13,2026-01-01
3480c6733692db0895d7f240dc18d9d6,1,d017a2151d543a9885604dc62a3d9dcc,6560211a19b47992c3666cc44a7e94c0,2017-10-23 17:14:35,49.00,7.78,2026-01-01
351126ee473c51592cb591efea295181,1,d950221a89e7555306dc5daef996e134,612170e34b97004b3ba37eae81836b4c,2018-07-13 08:35:16,91.99,18.99,2026-01-01
35660aec0cc42b6257e24281ee0e6255,1,aba86c093ccdbac75b09111d57e50004,7c67e1448b00f6e969d365cea6b010ab,2017-04-12 14:55:17,129.60,25.40,2026-01-01
35b7d83c8629ba8d0f718d9d293cf436,1,a60613d36f37a7b27d3344f40f6a7945,ad420dd0c4f92f8af951ac24b86d0cf5,2018-06-27 18:30:32,160.00,19.22,2026-01-01
3606d0126c19d4197f835572f5162c20,1,4aa6014eceb682077f9dc4bffebc05b0,b8bc237ba3788b23da09c0f1f3a3288c,2018-01-31 19:53:22,289.00,46.48,2026-01-01
36530871a5e80138db53bcfd8a104d90,1,ba4bfbf74dbe7ab37e263b9326da0523,f8db351d8c4c4c22c6835c19a46f01b0,2017-05-17 11:45:14,36.90,26.89,2026-01-01
36ebb4199031e72a1fa964549b88c377,1,e7db7c40ea6647c808d48581f1308d88,1d8dbc4f32378d715c717c1c1fc57bae,2018-04-10 08:50:15,109.90,23.35,2026-01-01
37104fd8b73d0691fda9491fe8906808,1,1dceebcc5f23c02ea23e16d5bedca000,4e922959ae960d389249c378d1c939f5,2017-07-18 02:50:37,45.00,16.11,2026-01-01
37104fd8b73d0691fda9491fe8906808,2,1dceebcc5f23c02ea23e16d5bedca000,4e922959ae960d389249c378d1c939f5,2017-07-18 02:50:37,45.00,16.11,2026-01-01
371f13dd168ce30a881e0db8cf3929fb,1,15ae68f4be12b1e7037da33a1ef9753a,2528513dd95219a6013d4d05176e391a,2017-08-31 10:35:17,599.00,66.87,2026-01-01
376a342d70faa7a733b871acc701def8,1,cae79e3b5c787c231543fa415a20b5cc,56642bcb79900e777d68e91915cb4267,2017-12-15 11:58:24,28.00,14.10,2026-01-01
3783e0b4f1ef0985e0d9aca4629f756b,1,fc1d8637c0268af3db482c14b7ef8e75,da8622b14eb17ae2831f4ac5b9dab84a,2018-04-25 20:51:20,149.90,12.14,2026-01-01
37d6c8f1b209eab8d1b6522a1a3e4d88,1,111d0b1e69f349615615113cf6b275fa,6d66611d7c44cc30ce351abc49a68421,2017-12-18 02:54:25,25.90,9.34,2026-01-01
37e32b54f25d2472acbc642f7e539a36,1,617186c3d97ea56c9c683a8a3974e8c1,cc419e0650a3c5ba77189a1882b7556a,2017-07-17 14:25:09,84.99,14.34,2026-01-01
38097aba0f729783af8bf48eabf5e496,1,306dcbc0bb646b50b3d86c6803558347,b6d44737c043328708f6749c2dbe50bd,2018-05-07 14:16:59,39.90,17.93,2026-01-01
38097aba0f729783af8bf48eabf5e496,2,306dcbc0bb646b50b3d86c6803558347,b6d44737c043328708f6749c2dbe50bd,2018-05-07 14:16:59,39.90,17.93,2026-01-01
38097aba0f729783af8bf48eabf5e496,3,306dcbc0bb646b50b3d86c6803558347,b6d44737c043328708f6749c2dbe50bd,2018-05-07 14:16:59,39.90,17.93,2026-01-01
38971812f1db9e4a30885e5574dcbe53,1,cbf5cf4e5d906cda4c6d91d5b7b15e8b,edb1ef5e36e0c8cd84eb3c9b003e486d,2018-06-26 17:18:18,149.65,3.14,2026-01-01
38971812f1db9e4a30885e5574dcbe53,2,c5cd81e7dcab1a6baed9cedff7c531ef,d566c37fa119d5e66c4e9052e83ee4ea,2018-06-28 17:18:18,67.90,39.29,2026-01-01
38b7efdf33dd5561f4f5d4f6e07b0414,1,8988d11aace15e3c9e25763c6d87dcf5,891071be6ba827b591264c90c2ae8a63,2017-08-10 18:32:30,29.99,14.10,2026-01-01
38c1e3d4ed6a13cd0cf612d4c09766e9,1,73c92dd0decac87c55334f6ae653ad36,080199a181c46c657dc5aa235411be3b,2018-02-08 16:00:16,179.49,9.45,2026-01-01
38c4ae942b818085578157aabd4abf9e,1,d1c427060a0f73f6b889a5c7c61f2ac4,a1043bafd471dff536d0c462352beb48,2018-03-22 21:10:32,129.00,54.65,2026-01-01
390d4039e108e33c6a93031f5f3f9e0d,1,3becff10d1deb92b02f2a1ee62a04524,5b8154610ebb21fb90eb587365e673df,2017-11-24 11:56:31,419.00,36.29,2026-01-01
3923e3ade70348985bd2ca389905cf19,1,7bdb28a55646012fb3348058d629d9bc,d23019c84ffae2d5ef2270367b8605fc,2018-03-15 02:30:36,59.90,18.25,2026-01-01
39a0eaa2a980c810beaf68d76e52fa96,1,ef0e165d773ec293c5aeb5470a08b183,7ddcbb64b5bc1ef36ca8c151f6ec77df,2018-03-13 18:10:15,179.99,18.17,2026-01-01
39ca4fbb87367cf7440fc32125b86202,1,72172e982e8b92155069e4201c92c0bb,e9779976487b77c6d4ac45f75ec7afe9,2017-04-28 20:45:16,28.00,10.96,2026-01-01
39e9813f11fbc948f71cfaf189976662,1,0bb7cb61f1957f79dac582ab66ccdc1f,e26901d5ab434ce92fd9b5c256820a4e,2017-05-04 02:15:22,23.90,14.52,2026-01-01
3a830ecb5338f0ff69822d388b64822e,1,bb1865456593db5a35bcc2b23174a09d,04aa0a1c5ce6b222003403a3e11c3cc0,2018-01-30 15:08:06,109.00,98.02,2026-01-01
3acf8c12de0c5a31ce57671e97cb48a1,1,664fa109c2fdc2f1c8f1ec2b6863fe5c,46dc3b2cc0980fb8ec44634e21d2718e,2018-05-17 00:30:32,219.99,16.42,2026-01-01
3ad68235680db3c8a491e0362402fd96,1,97b3b8e8ed22d0ceb3b3c520e806a334,8b321bb669392f5163d04c59e235e066,2018-01-31 08:56:56,14.60,7.78,2026-01-01
3b14820d642ea72e95df3289b6539c1c,1,6b82bdfc88a9241c396addd75f5c8baa,213b25e6f54661939f11710a6fddb871,2018-04-06 13:10:21,75.90,19.50,2026-01-01
3b4ad687e7e5190db827e1ae5a8989dd,1,6026308f343d15d492324e7e35ba5685,966cb4760537b1404caedd472cc610a5,2018-07-04 13:11:09,844.00,21.01,2026-01-01
3b881091c6fc2687191b01c705287c13,1,e7cc48a9daff5436f63d3aad9426f28b,53243585a1d6dc2643021fd1853d8905,2018-08-12 22:45:09,170.00,19.34,2026-01-01
3bb580c88504df63102b61f70164fb75,1,fe6a9515d655fa7936b8a7c841039f34,dc317f341ab0e22f39acbd9dbf9b4a1f,2017-09-20 19:25:18,249.90,69.21,2026-01-01
3bbbeac55063ea854a8b5d32a2cbf8b0,1,ba90d9569ff1f3add3d6bc10532688f9,d558ebe531605a1285ab2b1bc3256dfb,2018-06-12 19:11:01,139.00,19.94,2026-01-01
3bc77ce8be27211bac313c2daa402d1a,1,f497ba62f1d6b4f6a3a3266fa8623ad3,6df688df543f90e9b38f4319e75a9d88,2017-04-12 22:50:24,58.20,8.78,2026-01-01
3c333445207b077f35c9e81a7e7c7273,1,e84e2fd4fd9f8789bd8cb6deaca58d30,ba89796db68db180bd389de96b2ff3b6,2018-07-19 14:50:13,59.90,14.73,2026-01-01
3c3fa8869e142a240f57aef59c095f6c,1,d06466afa11453b6450b70992c90ece7,db2956745b3a8e9f3785c99f34b5d25e,2018-05-17 03:50:29,208.00,20.43,2026-01-01
3c9a3ff1e41cb58bb8a24ae6f6eea080,1,0bbdc963004d9b2fd3427ee3c5ae3608,06df0c10d34e459d9672bc77388742eb,2018-05-03 22:15:14,299.00,15.21,2026-01-01
3d087f98b006ae162b5e3b56e7bfdb4a,1,306599a052830af3cfebe42ee7a79dde,53e4c6e0f4312d4d2107a8c9cddf45cd,2018-01-11 11:15:29,55.00,17.64,2026-01-01
3d34d8e3ea34d73617a75deea86ced48,1,99a4788cb24856965c36a24e339b6058,4a3ca9315b744ce9f8e9374361493884,2017-12-06 11:13:21,89.90,16.26,2026-01-01
3d4359c9a8031f632995e7923608dd4d,1,9c1f132d460c48b30f756f3585d4a894,921323538c9f1c4e816f2720eac02bea,2018-08-02 15:35:19,119.90,9.59,2026-01-01
3dddd02cc38fbaa0a544a1e928aee40e,1,a70d74f54feefedd8108c45553766340,a6fe7de3d16f6149ffe280349a8535a0,2018-05-30 16:58:18,49.90,12.79,2026-01-01
3ec275bc012162de739c7ab6dcf11677,1,a412a4cce5810a2d4fc9ce36664a929b,8581055ce74af1daba164fdbd55a40de,2017-08-24 11:25:05,75.00,13.08,2026-01-01
3ec2c982a9497e2aa32da12b18ce7266,1,a48a82499de633cdd782856d69789b62,3a3c180dd702a725bd0ba4117689239e,2018-05-10 20:30:24,41.90,35.48,2026-01-01
3ef7c7b43ae449415675a6c34720b78e,1,b15b38f8a24ce6254dfa5bc5a06f18c5,8f580d36c1e9d6fbce95283403c7d447,2018-06-22 12:31:10,383.50,19.82,2026-01-01
3f3913e8c7fd221ac82a34ffa20b93ee,1,880be32f4db1d9f6e2bec38fb6ac23ab,fa40cc5b934574b62717c68f3d678b6d,2018-05-13 22:11:04,44.90,10.66,2026-01-01
3f596c69e8e78788530d898331118c7c,1,2eb384017334e47db9ccf364216799df,98dac6635aee4995d501a3972e047414,2017-11-30 16:34:24,21.15,23.22,2026-01-01
3f849648ffbabb0562c7668f212e3e88,1,7bbf8eb1681f6f8ec4b6f0c1c6934718,a673821011d0cec28146ea42f5ab767f,2018-05-23 08:31:19,69.90,16.46,2026-01-01
3faf126d8a3b0684272791cd3c6cf3fe,1,e4d325bd1eea550509bdbbc5c3301fc1,7178f9f4dd81dcef02f62acdf8151e01,2018-03-06 14:28:09,349.90,18.21,2026-01-01
40001f4b6e1a35f0b99fc4f44078ab27,1,afeeea6271148ee1bb15173b8187c431,53243585a1d6dc2643021fd1853d8905,2017-12-14 17:37:27,189.90,26.36,2026-01-01
403b97836b0c04a622354cf531062e5f,1,638bbb2a5e4f360b71f332ddfebfd672,c4af86330efa7a2620772227d2d670c9,2018-01-12 19:09:04,1299.00,77.45,2026-01-01
407408433ee2a9ed77984aa5a06e2b2e,1,126789406f4159e6f8ceb1910c164fe9,1da3aeb70d7989d1e6d9b0e887f97c23,2017-10-10 11:49:17,59.99,16.18,2026-01-01
409e4a6eadbdc33f16ccf0bda01eec1f,1,17704da54fb7512da5a72cc3b227185e,a416b6a846a11724393025641d4edd5e,2017-09-13 02:44:03,179.90,16.02,2026-01-01
40c5e18f7d112b59b3e5113a59a905b3,1,595fac2a385ac33a80bd5114aec74eb8,ef0ace09169ac090589d85746e3e036f,2018-06-15 10:58:32,119.90,8.78,2026-01-01
40ef667b4259d5f521a0fd1a093d0415,1,4535b0e1091c278dfd193e5a1d63b39f,ba143b05f0110f0dc71ad71b4466ce92,2018-07-17 04:06:09,53.99,9.13,2026-01-01
412fccb2b44a99b36714bca3fef8ad7b,1,d04bbac48960ecb7ea311b00ca6e1cb7,7681ef142fd2c19048da7430856b5588,2018-07-25 11:03:54,102.00,38.88,2026-01-01
418764469a9e73f76f56783c1863bd05,1,f7c98cd8b2d4d3b9a2d1322721e60a5a,e94b64dc6979b302a5a5be1662c83bb6,2018-07-09 20:32:05,124.17,17.80,2026-01-01
4190ab61a7fced69f3ee84d1da1120cc,1,7053ea870121d9f77c255101139dd0e9,4b5f66b7adcf57f1ecc0d3c07dd6b177,2017-12-14 02:36:21,172.50,38.76,2026-01-01
41bb5cee06dbf170878a9ef93ac7e7f5,1,43ee88561093499d9e571d4db5f20b79,23613d49c3ac2bd302259e55c06c050c,2018-05-28 08:52:24,10.90,12.79,2026-01-01
41de3b8bbb80e2cc80c8d446a752d2fb,1,232906919fb046e3d050f8dd336b2634,7f7b8245c336066a1f9933c359f11d77,2018-05-16 04:54:49,8.90,7.71,2026-01-01
41de3b8bbb80e2cc80c8d446a752d2fb,2,232906919fb046e3d050f8dd336b2634,7f7b8245c336066a1f9933c359f11d77,2018-05-16 04:54:49,8.90,7.71,2026-01-01
41f5e1d98c342beaa1234b59c89d9f6b,1,a71d0bc0c279b81bda788ecaca585ca5,4a3ca9315b744ce9f8e9374361493884,2017-08-17 11:04:33,299.00,13.59,2026-01-01
4207ad8e0e4e4070f271c930d25f72d7,1,368c6c730842d78016ad823897a372db,1f50f920176fa81dab994f9023523100,2017-10-18 00:09:13,59.90,17.67,2026-01-01
4207ad8e0e4e4070f271c930d25f72d7,2,368c6c730842d78016ad823897a372db,1f50f920176fa81dab994f9023523100,2017-10-18 00:09:13,59.90,17.67,2026-01-01
432aaf21d85167c2c86ec9448c4e42cc,1,72d3bf1d3a790f8874096fcf860e3eff,0bae85eb84b9fb3bd773911e89288d54,2018-03-07 15:10:47,38.25,16.11,2026-01-01
43488f856ed3fa3e7d3f8228755d383b,1,674d9e3c3964c35239687c920b19a307,2138ccb85b11a4ec1e37afbd1c8eda1f,2017-08-07 15:15:19,29.99,25.63,2026-01-01
434d158e96bdd6972ad6e6d73ddcfd22,1,c7df652246ed7b3300aaf46960c141e4,a5cba26a62b8b4d0145b68b841e62e7f,2018-06-13 03:35:15,445.00,63.17,2026-01-01
434d3eec8dd031c322077fb2452e53a0,1,ec72556b5da399d24fe06338e816a9ac,fd386aa7bed2af3c7035c65506c9b4a3,2018-05-10 14:55:47,68.00,8.29,2026-01-01
4380bb6c7d8375926bbea2c8b514dc8c,1,b9023d686fca0dca3ac844814e92e92b,8b321bb669392f5163d04c59e235e066,2018-02-02 21:31:38,21.90,14.10,2026-01-01
43d88b0e949865904334dd5b3ca63f50,1,2028bf1b01cafb2d2b1901fca4083222,cc419e0650a3c5ba77189a1882b7556a,2018-03-26 17:15:42,49.99,8.29,2026-01-01
443a73a22cd4e0078a47c275b358b786,1,90c3564fa89e67d5e1b4898dd43cebc9,2c9e548be18521d1c43cde1c582c6de8,2018-05-18 12:31:08,25.90,18.23,2026-01-01
443a73a22cd4e0078a47c275b358b786,2,90c3564fa89e67d5e1b4898dd43cebc9,2c9e548be18521d1c43cde1c582c6de8,2018-05-18 12:31:08,25.90,18.23,2026-01-01
444ebbf5602b5acdad22e0b4a9951bda,1,0454c95c31d75e5f86c354896a3d9814,2528513dd95219a6013d4d05176e391a,2017-12-05 11:37:34,299.00,73.72,2026-01-01
446e20f85f1b9cf552376d6f31c983b2,1,9e28a904bf99a4b3d1548580a906b3e7,7142540dd4c91e2237acb7e911c4eba2,2018-03-05 04:11:27,59.90,29.21,2026-01-01
44fdca9e41cfd8248c3ac1e369447eff,1,0e2d365a247d105fefc31b17ab8706d9,289cdb325fb7e7f891c38608bf9e0962,2018-07-04 14:30:40,132.20,16.03,2026-01-01
4570fa83dbb31a563e06db0a554b951e,1,7a27d105703555063bfa42ea2bfb32c8,77530e9772f57a62c906e1c21538ab82,2018-03-22 20:31:55,299.00,23.17,2026-01-01
45ac1d4b219993bf334080eac1585166,1,34dc9ba20762290886d4d94d07a102e3,5b925e1d006e9476d738aa200751b73b,2018-01-16 10:09:39,119.00,17.37,2026-01-01
45ed6e85398a87c253db47c2d9f48216,1,75d6b6963340c6063f7f4cfcccfe6a30,cc419e0650a3c5ba77189a1882b7556a,2017-06-15 21:30:18,56.99,14.15,2026-01-01
4630b9ea86d473a936d6dd589cee8b22,1,b61ca163d698bd09698b6876a3e945e6,e45edf75f568ed2f93f78d060e246e25,2018-07-03 16:29:31,22.90,15.26,2026-01-01
4652332a6a0d39960cdec082ef7b52b8,1,aca2eb7d00ea1a7b8ebd4e68314663af,955fee9216a65b617aa5c0531780ce60,2018-05-29 13:53:54,69.90,12.43,2026-01-01
4652332a6a0d39960cdec082ef7b52b8,2,aca2eb7d00ea1a7b8ebd4e68314663af,955fee9216a65b617aa5c0531780ce60,2018-05-29 13:53:54,69.90,12.43,2026-01-01
46c22ce0488991c798933effd2b57574,1,a50acd33ba7a8da8e9db65094fa990a4,8581055ce74af1daba164fdbd55a40de,2017-02-10 15:43:18,117.30,22.29,2026-01-01
46f3c70ec2c3e58a0c126aeb5d10d9b9,1,8e630a6101b33d99671d79b67b87052d,2528513dd95219a6013d4d05176e391a,2017-09-15 19:50:23,599.00,96.61,2026-01-01
4709741e829775567b92abc42437b461,1,b4b817e5f2c4efc8253b4b679c653847,972d0f9cf61b499a4812cf0bfa3ad3c4,2018-04-04 22:55:21,94.50,23.24,2026-01-01
476984a30a6929077bedabbefc98ce38,1,2ff995aead9c63a1f37a07b3664ead37,8b9d6eec4a7eb7d0f9d579ce0b38324d,2018-06-26 17:01:07,68.00,30.28,2026-01-01
47770eb9100c2d0c44946d9cf07ec65d,1,aa4383b373c6aca5d8797843e5594415,4869f7a5dfa277a7dca6462dcf3b52b2,2018-08-13 08:55:23,159.90,19.22,2026-01-01
477ee3f21cb7374ecfa12433c30f53f5,1,a9ccb9dca11ae8ca804b47417d0411f2,3ab971ce71839580d2ae5b4e40fe8044,2018-06-27 11:01:15,169.90,25.27,2026-01-01
47aa4816b27ba60ec948cd019cc1afc1,1,1501b0033c68a37fa9560033a440e529,33cbbec1e7e1044aaf11d152172c776f,2018-06-29 03:31:40,53.44,18.47,2026-01-01
47cdb12caf2067098633bc9a0d3679f7,1,d1c427060a0f73f6b889a5c7c61f2ac4,a1043bafd471dff536d0c462352beb48,2018-06-26 11:58:02,119.99,25.00,2026-01-01
48a928c553c276852b35ce90fedfeee2,1,6a8631b72a2f8729b91514db87e771c0,128639473a139ac0f3e5f5ade55873a5,2018-02-08 00:31:44,25.90,16.79,2026-01-01
48b7d84507eb52608a007fde9d641daa,1,88ffcf27478318ba55b1f9d22d65ce97,f3da5b2ff499efb8d4a6d371d175d7dd,2018-05-11 18:09:48,40.80,8.29,2026-01-01
4906eeadde5f70b308c20c4a8f20be02,1,ee406bf28024d97771c4b1e8b7e8e219,7a67c85e85bb2ce8582c35f2203ad736,2017-12-18 03:50:30,144.99,17.26,2026-01-01
492bed007520827cbed51959e4ce4385,1,64fc6010136aa59736e148c404e77a54,213b25e6f54661939f11710a6fddb871,2018-06-05 13:14:03,75.90,18.41,2026-01-01
498a0b00b1c51a95e61baebf6379d76b,1,5d6bea33648f018dbb563f3a2fab09f3,1025f0e2d44d7041d6cf58b6550e0bfa,2018-07-27 11:46:15,150.00,42.03,2026-01-01
49e19ca07e42bde08630a08e50ad980e,1,b1cd1b18e50f570382f52a55898e8987,b2ba3715d723d245138f291a6fe42594,2018-06-11 17:53:11,109.90,23.35,2026-01-01
49e76d6a1b1f9ff4d04f85b2304ad378,1,c53ca80f7d74aa37ac1512e8d9a8cb6b,822166ed1e47908f7cfb49946d03c726,2018-02-01 16:19:16,149.99,14.64,2026-01-01
4a5cc9b4e332e03d76bf553a7f2fa5d3,1,c2ccc78b5a924096d5274ca6a3118e47,709e16e2b25c7474d980076c6bfc4806,2017-12-22 00:31:46,159.90,16.88,2026-01-01
4b3a605942f29d490cb74bd6ace6b9f0,1,ffd4bf4306745865e5692f69bd237893,d98eec89afa3380e14463da2aabaea72,2017-10-05 09:44:12,29.99,8.11,2026-01-01
4b81496f1e0fd587a7394ba1e1b8aebb,1,5ac3db3f4250d6add6afca7518ea7ed9,5c853bb56f70f4d14218944bae111d7a,2017-03-13 04:05:14,7.80,10.96,2026-01-01
4b87488fb6269f8321508923b95da4d6,1,ed739dfa91e2c770354726fe0bf9cc72,57df9869a600bd6b7c405f2a862eccfb,2018-06-15 12:30:36,25.00,13.47,2026-01-01
4bb6e6f5af26e1f5951d934386615406,1,3fbc0ef745950c7932d5f2a446189725,06a2c3af7b3aee5d69171b0e14f0ee87,2018-07-04 11:31:07,66.99,27.75,2026-01-01
4c460fdf49b517270b6258ba2d3c1ef9,1,9a7c6041fa9592d9d9ef6cfe62a71f8c,439a47cc365d6e3bd526812ea9de3c29,2018-06-20 18:58:12,127.50,11.91,2026-01-01
4cd9478b63edacb631dcf780b036b157,1,500870614ddcf5bd84f7d26861026c8a,ef506c96320abeedfb894c34db06f478,2018-07-02 05:12:58,14.00,12.79,2026-01-01
4d2d8a4224215f680cc5221011347401,1,382d3a69f930988d7ad77f78f31c0944,218d46b86c1881d022bce9c68a7d4b15,2018-03-09 02:10:25,117.00,15.57,2026-01-01
4d315c56f2d8d8d27bf1a1365d41c923,1,a1b5a3e2a2233424b6c4ce31f31aa8db,7c67e1448b00f6e969d365cea6b010ab,2018-07-12 10:50:22,112.94,34.87,2026-01-01
4d4ef6cd8147028ffd8c18dc0f6e3050,1,027cdd14a677a5834bc67a9789db5021,81f89e42267213cb94da7ddc301651da,2018-08-29 19:15:11,69.00,18.58,2026-01-01
4d630f57194f5aba1a3d12ce23e71cd9,1,62bf07cdb14270c48cf42ca0312986aa,04e38a233f726ef161074ab1c9b0399a,2017-11-23 19:50:31,199.90,40.33,2026-01-01
4d95703047b8a80cf5796b7478900ec7,1,f10d3472b287e627cf92e5ff1d8b88f2,41b39e28db005d9731d9d485a83b4c38,2018-02-01 00:16:30,39.90,11.85,2026-01-01
4d95703047b8a80cf5796b7478900ec7,2,f10d3472b287e627cf92e5ff1d8b88f2,41b39e28db005d9731d9d485a83b4c38,2018-02-01 00:16:30,39.90,11.85,2026-01-01
4da3bd761ca73d692ae0f5c252495546,1,4d8f78374f31cd4b4932c1f2a42c4674,7a425d299613df3e613bcf9d2eaf5c49,2018-02-07 12:54:33,18.50,7.94,2026-01-01
4dadcd5f9e682c17fdc6dded70c048e0,1,337c81a0f9e751b6cbdf56680a33c365,a17f621c590ea0fab3d5d883e1630ec6,2017-05-11 14:05:12,26.33,15.10,2026-01-01
4dcc01481b7ab4f5f37c8eb4c4c67841,1,ee0c1cf2fbeae95205b4aa506f1469f0,cc419e0650a3c5ba77189a1882b7556a,2018-04-12 13:30:24,53.99,18.26,2026-01-01
4df92d82d79c3b52c7138679fa9b07fc,1,de533fe5b9448ea9792195806938dbf5,1025f0e2d44d7041d6cf58b6550e0bfa,2018-07-31 12:55:27,196.80,12.40,2026-01-01
4e2160ff7a61b2bf4fbd2e527ea924d3,1,72d3bf1d3a790f8874096fcf860e3eff,0bae85eb84b9fb3bd773911e89288d54,2018-02-15 14:15:48,38.25,16.11,2026-01-01
4edca0186e467f58fe99ab648f604ce8,1,d04bbac48960ecb7ea311b00ca6e1cb7,0dd184061fb0eaa7ca37932c68ab91c5,2018-03-20 16:10:39,104.00,24.86,2026-01-01
4eeecb9e657525024b9b538730c5f974,1,91b08d34d0ba4db44da2dc382867ba49,b76dba6c951ab00dc4edf0a1aa88037e,2018-06-19 00:23:09,12.99,18.23,2026-01-01
4ef04edb491b8cc23eabe782ced6715c,1,980f472a1354c8366960f7c4528c470e,06a2c3af7b3aee5d69171b0e14f0ee87,2018-01-25 12:51:00,56.99,27.25,2026-01-01
4efb9f3d8ba57d35f9f884744e757265,1,9c422a519119dcad7575db5af1ba540e,2b3e4a2a3ea8e01938cabda2a3e5cc79,2017-07-28 16:25:13,49.99,14.10,2026-01-01
4f32c93f66aadbd682294f5cedde7c18,1,78119fbfa709d07b86f5ccf15043c6d6,4869f7a5dfa277a7dca6462dcf3b52b2,2018-03-15 17:07:54,199.00,38.08,2026-01-01
4f38a875c972c4803a792f62b999b4cd,1,2eb3c639a21ca3eeabf2ec13bf7bc46d,ea67327e24487bdfac5fbfa37ea124df,2018-06-05 10:53:35,228.00,19.68,2026-01-01
4f7ce3efe568a5e57290a9fa3e45b1f5,1,cb460986a447ed00da792526bf6189e4,ea566164622c6b439516ab18062c42cd,2018-02-01 13:52:07,1695.00,32.67,2026-01-01
4f7e398a1ddb1c349465b42b6865c60b,1,63d117fa87d2dff89156e2c9d885dba7,75d34ebb1bd0bd7dde40dd507b8169c3,2017-06-08 14:42:50,149.99,21.85,2026-01-01
4fc42727f0b542099a7568206da01fa6,1,4c2394abfbac7ff59ec7a420918562fa,cc419e0650a3c5ba77189a1882b7556a,2017-12-14 20:51:19,84.99,15.35,2026-01-01
4fe2fd5509bca02cbd39aa5b3eeb2a8f,1,71d22271ee986bf5a46a2c199da0265b,259f7b5e6e482c230e5bfaa670b6bb8f,2018-08-30 04:04:08,39.90,11.30,2026-01-01
507240e305d631056d7ced5d5ab0eb9a,1,fe83af233315b04d9093c7edbcf789dd,1127b7f2594683f2510f1c2c834a486b,2018-04-04 15:29:55,48.32,11.15,2026-01-01
50c67fc0ce3ee7959b7dfeeabfbe6b78,1,5cc23f2c72b47d7b95f4df9855848a46,1e8b33f18b4f7598d87f5cbee2282cc2,2017-12-05 18:10:32,159.90,13.67,2026-01-01
50c71607b83f5edc9a65e7c7d9910b1a,1,99a4788cb24856965c36a24e339b6058,4a3ca9315b744ce9f8e9374361493884,2017-06-29 11:35:14,89.90,15.38,2026-01-01
50fe82ce977520094518dd8618d7331a,1,d245838e3d0b2b51d751ccdc98885a8e,cc419e0650a3c5ba77189a1882b7556a,2018-05-28 18:54:28,6.00,7.39,2026-01-01
5164933efe0cd14f31424b9badf81f19,1,821a07e1e2a0382df1f3761ae3cd435c,da8622b14eb17ae2831f4ac5b9dab84a,2018-05-02 22:30:48,129.90,12.00,2026-01-01
51fc12a7908ea200b269a6ecfb3e7740,1,23384f296aa1bf6461d22912093a9847,891071be6ba827b591264c90c2ae8a63,2017-02-12 18:00:36,20.00,10.96,2026-01-01
52e5445828db681d83dccb33a15ecac4,1,e0d64dcfaa3b6db5c54ca298ae101d05,4869f7a5dfa277a7dca6462dcf3b52b2,2017-11-30 20:56:27,170.00,24.06,2026-01-01
52f166ce5fa053bbb27d317e4fd231b7,1,63085bb4366ded27bcb63cbb59b4103a,5dceca129747e92ff8ef7a997dc4f8ca,2018-04-24 20:30:57,428.00,18.51,2026-01-01
53239db74c7835641f106ef90b3d0100,1,a01df785213c3ea6d2a918f9095af482,41b39e28db005d9731d9d485a83b4c38,2017-07-17 17:55:20,119.90,35.00,2026-01-01
5342acb7b183acec77f59e4d78f7c804,1,0da9ffd92214425d880de3f94e74ce39,001cca7ae9ae17fb1caed9dfb1094831,2018-04-05 10:07:45,112.00,38.21,2026-01-01
53cdb2fc8bc7dce0b6741e2150273451,1,595fac2a385ac33a80bd5114aec74eb8,289cdb325fb7e7f891c38608bf9e0962,2018-07-30 03:24:27,118.70,22.76,2026-01-01
5447160f15621601fa9ba2b94f4906b3,1,461f43be3bdf8844e65b62d9ac2c7a5a,b33e7c55446eabf8fe1a42d037ac7d6d,2017-11-27 12:31:32,146.00,15.77,2026-01-01
5487a8ac1699754d975f853ce8bb9321,1,73e0db4719016f90a37238ca8e5a1cab,11305281b50fff20ae8bb473f8e11876,2018-04-11 05:48:50,159.99,27.20,2026-01-01
54912035e047f9834df97cdfef0d2768,1,0e40b1ed4cfd3da1962ec91913e54ba8,8b321bb669392f5163d04c59e235e066,2018-05-21 04:52:38,13.65,7.39,2026-01-01
54bc2449fbe0368b74470e4280fe494e,1,78efe838c04bbc568be034082200ac20,0241d4d5d36f10f80c644447315af0bd,2018-04-30 14:30:42,99.90,32.50,2026-01-01
54c48a1401020a79d5d52ff20cb07aa7,1,e1901d5d99ca951543717ea5d1940a36,f00e21b1e91a79653163b7fd8f293ff1,2017-04-17 14:03:14,99.90,11.31,2026-01-01
54d591a90dbfa19ae578252a9b5a2720,1,aa0756c28665669298ad1d32c064619e,213b25e6f54661939f11710a6fddb871,2018-06-07 17:58:05,113.85,23.38,2026-01-01
550a019d25590b5b3b6d31c0fd3edbbb,1,7d78cbee891d98c76028e3008a230712,f00e21b1e91a79653163b7fd8f293ff1,2017-04-12 23:22:45,30.90,10.96,2026-01-01
555e4d40fb6beea866d46eb6a5a01b41,1,83d199d296c44101c8c3b5c9c0cce9ea,850f4f8af5ea87287ac68de36e29107f,2017-09-21 19:05:22,69.99,12.62,2026-01-01
555e4d40fb6beea866d46eb6a5a01b41,2,a140e83c184347be1aa71694fe525537,3d871de0142ce09b7081e2b9d1733cb1,2017-09-21 19:05:22,19.90,9.41,2026-01-01
5561adcb0fd46da4cad3048fa4e7fc00,1,4d071a22b9cc548b64a75075a4c63151,131fcb0a0c9a47bba4474aacff0f14b7,2018-07-02 15:58:17,99.90,9.45,2026-01-01
556bbf53c2c22fbb9ef31a414dd444a6,1,9e2d3a8d8ffad53e2e35282a2020221c,1da366cade6d8276e7d8beea7af5d4bf,2017-12-28 17:56:24,49.90,17.60,2026-01-01
563404de47cdc6763e7eced487016b66,1,490b7f74cbef35be4b6b69bb5f177386,9b00ed88b7fdb95d6ff76e27c1b52d16,2018-01-08 17:56:43,12.50,11.85,2026-01-01
56472b840118d1bfb244c6cb42581ae6,1,b044bbed524dc39f8465f2d1b5b620f8,e9779976487b77c6d4ac45f75ec7afe9,2018-04-26 13:31:40,299.90,19.98,2026-01-01
565923f847aad52e7638eb189cce3b51,1,7fb04722aba7a2b632bac8f9819796f3,f3b80352b986ab4d1057a4b724be19d0,2018-01-18 08:29:22,80.00,17.81,2026-01-01
567653c46861b54519b6f4cdee500f0a,1,87d6047f661dc87643c40612a6eff3b3,4a1f694197d05fe70026b016a7316b41,2018-08-06 18:10:20,42.99,27.07,2026-01-01
568b0f8bb1f7efe803f006abfd707e5e,1,1a758361b1c10b3ffe3d3373332de319,8d956fec2e4337affcb520f56fd8cbfd,2018-03-02 11:15:34,46.99,17.63,2026-01-01
5691d72069359cd293ac9a14f1bd5e9b,1,8c0fd3e89ebf51f2fcff46abbc4eca05,715bbd5ba4e6b74cb0d2f29eb45058b0,2018-07-30 02:55:14,34.90,37.15,2026-01-01
56a4ac10a4a8f2ba7693523bb439eede,1,ab1f9387c0627dd24000bfbc54fdeee0,8b321bb669392f5163d04c59e235e066,2018-07-26 04:10:15,19.90,12.80,2026-01-01
56bd45163229b35ca0ab490c1e3d3233,1,6f5cff7499746e6f722c4dcee24f7437,dc4a0fc896dc34b0d5bfec8438291c80,2017-12-04 21:17:25,64.90,11.95,2026-01-01
56ecd129e9283080044e40f77065b350,1,c7f8c040002615c99a0aa2ddec4c41e6,4371b634e0efc0e22b09b52907d9d469,2017-10-19 04:46:18,72.00,14.25,2026-01-01
5711d8a02451fd508dc8911ee1fb4ac9,1,59bcfc096cb9fa35b5c5294582c78486,5ab05b6d86d417796c69ffd6774ec832,2017-11-08 16:55:24,199.00,18.10,2026-01-01
5713bef560364e39ec1630ff62449492,1,f67ad6b3366ae186b8d29087e6d5ebd0,16090f2ca825584b5a147ab24aa30c86,2018-02-26 07:15:29,28.00,11.85,2026-01-01
580c882a5805c78546ea65ec6d3690e4,1,48f866f20b5b6015a324210988e73387,4a3ca9315b744ce9f8e9374361493884,2018-02-09 17:50:41,153.00,18.32,2026-01-01
5820a1100976432c7968a52da59e9364,1,1deda1acffb44ed38494667d7e49a9f3,f52c2422904463fdd7741f99045fecb6,2018-07-31 11:44:19,33.90,18.34,2026-01-01
5869074071e0f56e9085dc3742c97b2a,1,a1692a17fad005e22bf5a54353439420,70eea00b476a314817cefde4aad4f89a,2018-06-15 04:31:29,300.00,20.18,2026-01-01
58ac1947c1a9067b9f416cba6d844a3f,1,9820e04e332fc450d6fd975befc1bc28,520b493b57809f446cb0a233bb3e25c7,2017-09-19 13:45:43,110.00,14.16,2026-01-01
58b198357d2b68044f885a370a585ff3,1,c6dd917a0be2a704582055949915ab32,7a67c85e85bb2ce8582c35f2203ad736,2017-04-19 22:15:10,99.99,12.09,2026-01-01
58d4c4747ee059eeeb865b349b41f53a,1,1613b819ab5dae53aead2dbb4ebdb378,16090f2ca825584b5a147ab24aa30c86,2018-07-26 03:45:26,27.90,7.46,2026-01-01
598cd40a798aa27cded050fe918ffbe7,1,5145cef9f9e1293cf8cba2c924eb94e9,17a053fcb14bd219540cbde0df490be0,2017-09-08 02:45:40,259.90,34.07,2026-01-01
598cd40a798aa27cded050fe918ffbe7,2,5145cef9f9e1293cf8cba2c924eb94e9,17a053fcb14bd219540cbde0df490be0,2017-09-08 02:45:40,259.90,34.07,2026-01-01
59a0b1e1b934789d033dfb98797d9d34,1,2b939dc9b176d7fa21594d588815d4a4,dbc22125167c298ef99da25668e1011f,2017-07-27 02:15:47,121.90,38.40,2026-01-01
59b32faedc12322c672e95ec3716d614,1,040f34fe061b6024771f641fe922e782,850f4f8af5ea87287ac68de36e29107f,2018-07-02 02:15:51,69.00,18.58,2026-01-01
59d34e1064930d037d30041b73683aa7,1,62224b433a431310bf27129938ad9f64,7b07b3c7487f0ea825fc6df75abd658b,2017-11-16 21:30:28,84.94,12.93,2026-01-01
5a00ef28abf9645038a7d37c1639d2c2,1,69455f41626a745aea9ee9164cb9eafd,7d13fca15225358621be4086e1eb0964,2018-06-18 13:20:05,180.00,20.23,2026-01-01
5a0e5ad33542c79b10be87a344ee0086,1,622bad99b4296aade0783ebecdd3fa15,376a891762bbdecbc02b4b6adec3fdda,2017-06-21 03:03:40,73.90,12.77,2026-01-01
5a630e3d4aeb6fca86404481eb19cfe7,1,f50df9b142a624bf4c4d8495489a207e,de23c3b98a88888289c6f5cc1209054a,2017-12-20 10:14:22,149.99,14.07,2026-01-01
5a63a60ea2852393994270157cd61e0a,1,d7d5562fce331ad958ca6f57057b3526,7a67c85e85bb2ce8582c35f2203ad736,2017-08-17 02:45:50,59.99,17.67,2026-01-01
5a88502f6bbc1f8c972aa98c64830616,1,99a4788cb24856965c36a24e339b6058,4a3ca9315b744ce9f8e9374361493884,2018-02-06 21:15:26,86.90,16.24,2026-01-01
5acce57f8d9dfd55fa48e212a641a69d,1,0cd9f302c8a5b076ffa5c3567c6705fd,85d9eb9ddc5d00ca9336a2219c97bb13,2017-08-08 02:56:02,27.90,15.10,2026-01-01
5b96fa278c2b3c1e29c190ef1b651d08,1,6d2fde7d12bb6ff367dbda120ba8828e,897060da8b9a21f655304d50fd935913,2017-02-17 09:35:10,22.00,14.52,2026-01-01
5c1f2bd7eff419c165428371164d750c,1,3c3b94d8e966e0a258d6baaa41549199,b499c00f28f4b7069ff6550af8c1348a,2018-03-14 16:30:13,309.99,16.37,2026-01-01
5c2d1d55c31db1cbe069dc9b6454b897,1,cdd914e78124a73cc28a165cfc4a0bbc,ba143b05f0110f0dc71ad71b4466ce92,2018-07-27 09:17:32,93.99,23.46,2026-01-01
5d7f0dc1e401127edfe8b79e174a52c8,1,2f4a64fe9c6430a9626b4745227cd0e8,0bae85eb84b9fb3bd773911e89288d54,2017-10-19 11:28:15,51.80,16.12,2026-01-01
5e0311cb517d342851ca3b346cd4c5ab,1,d6bbda35f0b8505c2f824f1d90295855,fa40cc5b934574b62717c68f3d678b6d,2017-12-14 23:49:19,54.99,15.13,2026-01-01
5e99f3c445038a0709b2aea8e34ed593,1,42a2c92a0979a949ca4ea89ec5c7b934,813348c996469b40f2e028d5429d3495,2017-06-29 19:45:10,59.90,17.13,2026-01-01
5ec8f4e8fe5ee3fd5460b244d0804f9e,1,67217c43d81dea5a93bea48c23f4e156,18a349e75d307f4b4cc646a691ed4216,2018-04-16 02:27:56,65.00,18.33,2026-01-01
5f071a8534fb6805fa6ec902f04219e4,1,a92930c327948861c015c919a0bcb4a8,6560211a19b47992c3666cc44a7e94c0,2018-08-22 20:50:06,77.00,15.64,2026-01-01
5f674c43ef69fe052df34f1519f7bc12,1,6a23c2eb9acc78f8ec403be9c6210dd4,7c67e1448b00f6e969d365cea6b010ab,2017-11-07 19:07:39,114.94,18.52,2026-01-01
5f69f6bf68dce110479aa0bb515b47c8,1,8e5e831d742acedb1758e90e18974231,25cf099de44674fde97473224f9d59ab,2017-12-01 11:31:10,30.00,8.72,2026-01-01
5ff96c15d0b717ac6ad1f3d77225a350,1,10adb53d8faa890ca7c2f0cbcb68d777,1900267e848ceeba8fa32d80c1a5f5a8,2018-07-27 17:55:14,19.90,12.80,2026-01-01
6051e6d3da9a50b7325cbe9c81025062,1,4c77d14c542fcd857dddc3df2e82329c,4c498c7345e89aebad651544829beca0,2018-07-10 00:30:39,249.49,9.01,2026-01-01
60550084e6b4c0cb89a87df1f3e5ebd9,1,9b37a918bcf2c8e1064e867cf1df4637,f27e33c6d29b5138fa9967bcd445b6d5,2018-03-01 02:10:52,39.90,26.89,2026-01-01
6147a4d49752afd35a119d794e481588,1,ea6d336eee5645b36bd18f202f90c58d,e21a1e8be4715b0fcfd5385643bc49c4,2017-05-02 13:45:16,29.90,17.78,2026-01-01
615ae1b88a25a4ac47fbf55c9c847b6e,1,fa304c5424fd292aed9c35eb36d9f495,609e1a9a6c2539919b8205cf7c4e6ff0,2018-08-14 13:55:18,64.99,19.65,2026-01-01
61898b3ad4d51459e014bc6d4c2e7166,1,2948658cb6abc82847412be7201bfc4c,955fee9216a65b617aa5c0531780ce60,2018-06-13 16:31:40,110.00,18.85,2026-01-01
61988b318aaf57d18336c629bc42cf1b,1,1f30aacc69904c0d0bf8d05cb2abef72,4a3ca9315b744ce9f8e9374361493884,2018-04-04 16:32:26,135.00,25.14,2026-01-01
61e7365ad2e2ce5a3dbf650586623b7f,1,0a1ca683d91a7cb9b806f3710873bf47,777a0c55737f34ffeb78010f7542ab41,2018-08-16 16:30:18,81.35,16.76,2026-01-01
6245ae0abd9de1ae647b5da78c0ea69b,1,8d1cfc0463b545928bfb4e589e017bd4,aae3bfea055532c57fb453ed3ec80b30,2017-09-15 08:10:08,62.80,11.94,2026-01-01
626e4ba4ac663dadb68a6fe4b0d7b8d4,1,99f5b2240b82bf9387e5cf2fc0335b08,1c68394e931a64f90ea236c5ea590300,2018-02-19 14:54:33,115.52,16.57,2026-01-01
62a12e4d2a742b2491d7c00d2d79bf52,1,2f774e1d1ee6937ae8294771c662066d,b6e1504972665f739dec4facb9943775,2017-12-01 19:39:02,281.99,17.73,2026-01-01
62a56f9bfe98de42bcdbe6cc57284dfb,1,b5e6d813290cd06e3015f41d246512e7,fd386aa7bed2af3c7035c65506c9b4a3,2018-08-10 01:35:09,25.89,22.90,2026-01-01
62fcfe5da58296dface200da2e196fcd,1,ca9b2caa4f7ec65aeda5825e09dcf99c,5a8e7d5003a1f221f9e1d6e411de7c23,2017-05-25 14:25:24,59.90,16.18,2026-01-01
62fe29a53926ef67e73c4b5f3e1ba6f3,1,a47295965bd091207681b541b26e40a5,ea8482cd71df3c1969d7b9473ff13abc,2018-01-07 23:26:49,27.99,14.10,2026-01-01
633dfa0c56ae5c0c7f2e90620ad55b2f,1,0eb8e03d4ef83152c4642b606b5bbdec,cac4c8e7b1ca6252d8f20b2fc1a2e4af,2018-07-02 13:58:17,29.99,26.51,2026-01-01
634e8f4c0f6744a626f77f39770ac6aa,1,69d980b4120a76616d7b237d731d6156,744dac408745240a2c2528fb1b6028f3,2017-08-15 18:45:18,219.00,15.28,2026-01-01
6379750dac6a8a1e11378e34278ae8df,1,368c6c730842d78016ad823897a372db,1f50f920176fa81dab994f9023523100,2017-09-15 12:05:28,59.90,13.44,2026-01-01
638f79643fd5681c6e6c6ef1f1ab700d,1,ba74c6b75d2ad7503175809688d5a03c,7d13fca15225358621be4086e1eb0964,2018-04-16 15:11:08,178.99,19.13,2026-01-01
641fb0752bf5b5940c376b3a8bb9dc52,1,60184212dae4e6b0da32bf54271a8c4a,b33e7c55446eabf8fe1a42d037ac7d6d,2017-12-21 00:14:55,369.00,17.33,2026-01-01
64a2b20e6611bf80d933549f4c45ad84,1,044f05bc9de36e8a693a83e4bc79dd0d,ea8482cd71df3c1969d7b9473ff13abc,2017-12-28 02:11:52,24.99,15.79,2026-01-01
64a9f2b487f66506d463ca18152280e8,1,a9516a079e37a9c9c36b9b78b10169e8,7c67e1448b00f6e969d365cea6b010ab,2018-03-09 09:47:40,116.99,18.53,2026-01-01
64ea4c51ad1203229ba011693f35da54,1,36f60d45225e60c7da4558b070ce4b60,6973a06f484aacf400ece213dbf3d946,2018-02-05 13:30:16,89.49,15.38,2026-01-01
6514b8ad8028c9f2cc2374ded245783f,1,4520766ec412348b8d4caa5e8a18c464,16090f2ca825584b5a147ab24aa30c86,2017-05-22 13:22:11,59.99,15.17,2026-01-01
65312c6e4ce03c0fb633a4ac541949d8,1,1ebd1450a2b8d51ffda696956426024a,822166ed1e47908f7cfb49946d03c726,2018-08-01 10:20:47,54.99,13.60,2026-01-01
65d7e9625cc211f641191203e231ac24,1,99a4788cb24856965c36a24e339b6058,4a3ca9315b744ce9f8e9374361493884,2017-08-10 11:03:38,89.90,15.38,2026-01-01
65d7e9625cc211f641191203e231ac24,2,35afc973633aaeb6b877ff57b2793310,4a3ca9315b744ce9f8e9374361493884,2017-08-10 11:03:38,89.90,15.38,2026-01-01
65f78a0e1f8b80c4f6d8d5c6073b8601,1,242e1933d9cb1c789d3c6a3f2d083ba0,e48b04bf1aa1ef711caebeb7aede6180,2018-08-06 17:04:21,185.90,35.38,2026-01-01
662823ed689412b9a2e5085620e06070,1,827c4a77226a3e7ef259d61eaa775df9,b14db04aa7881970e83ffa9426897925,2018-03-21 16:11:07,39.90,22.93,2026-01-01
663830a477534735bbdec9de01113fa2,1,6a8631b72a2f8729b91514db87e771c0,128639473a139ac0f3e5f5ade55873a5,2018-07-26 12:30:53,24.90,13.51,2026-01-01
664c5e57eb8479a79caeb79fc79699ca,1,6bd8c7dc9695bdc48adc5960f4fee0ff,b92e3c8f9738272ff7c59e111e108d7c,2017-11-07 10:10:24,49.90,14.08,2026-01-01
6699d7eb202a80ad0dd024134fe5ed60,1,651fe753ea1d6ad3d5744c1bffd3d6e1,7178f9f4dd81dcef02f62acdf8151e01,2018-01-24 00:29:16,19.90,16.79,2026-01-01
66cf92fc3ec94fbafc4edd77e0814818,1,de6702c748c719cbd13bb814f006ba22,0ea22c1cfbdc755f86b9b54b39c16043,2017-05-08 14:30:17,29.90,14.52,2026-01-01
66d03fb3c4b0f80b5db04ef9c260336d,1,a0b7d5a992ccda646f2d34e418fff5a0,95f83f51203c626648c875dd41874c7f,2018-02-12 21:29:40,69.90,26.11,2026-01-01
66e4624ae69e7dc89bd50222b59f581f,1,b37b72d5a56f887725c2862184b8cab8,db4350fd57ae30082dec7acbaacc17f9,2018-03-15 15:30:45,22.99,22.85,2026-01-01
66e4624ae69e7dc89bd50222b59f581f,2,b37b72d5a56f887725c2862184b8cab8,db4350fd57ae30082dec7acbaacc17f9,2018-03-15 15:30:45,22.99,22.85,2026-01-01
66f6b3a33b0339acbf55dd71977c4293,1,e9def91e99c8ecb7c5cef5e31506a056,850f4f8af5ea87287ac68de36e29107f,2017-12-14 20:50:55,69.99,15.25,2026-01-01
673426deedf113369fd0f139e97ed084,1,b205c1d9481d550412cbac291356e234,9fe7c6641c79970ab48185498f547c09,2017-07-18 02:10:49,130.00,34.71,2026-01-01
674b530698f9bd8a9167b30ed86bd51d,1,0c3305267c17b542aecbc2385f5f0794,fe2032dab1a61af8794248c8196565c9,2017-06-09 10:30:19,219.90,9.73,2026-01-01
675bc8cd15e6b9225582b9161288670f,1,936a034fe3b07b7ae7c87fc8ceb0749d,6560211a19b47992c3666cc44a7e94c0,2018-08-27 23:45:14,249.00,9.90,2026-01-01
67b47f35ec923e39f1203f3cfa80f5e3,1,07bcd890d449e493b4ec23d05a9e40ee,bd15ee794d5e640d9dd71b665b2ab15b,2018-06-11 18:49:57,28.90,12.79,2026-01-01
682fba8f9ac0c164d162ff702d6bcc23,1,99f265229d46f700208ad7cb1ff48aae,ea8482cd71df3c1969d7b9473ff13abc,2017-12-12 02:35:35,29.99,16.79,2026-01-01
686541986ecfb7d9296eb67719973bf0,1,3014e35fd70fce29095ced5cdc89f4ce,5656537e588803a555b8eb41f07a944b,2018-02-15 13:35:31,24.89,15.10,2026-01-01
688052146432ef8253587b930b01a06d,1,d1c427060a0f73f6b889a5c7c61f2ac4,a1043bafd471dff536d0c462352beb48,2018-04-26 09:31:11,119.00,24.97,2026-01-01
688052146432ef8253587b930b01a06d,2,db56f6d2b04c89eae4daba188842fd7b,2a84855fd20af891be03bc5924d2b453,2018-04-26 09:31:11,199.00,3.12,2026-01-01
68873cf91053cd11e6b49a766db5af1a,1,15a9e834e89eab39d973492882c658d6,a673821011d0cec28146ea42f5ab767f,2017-12-07 02:51:18,79.90,11.76,2026-01-01
68a001baa8dbd45ba5096b470f57a498,1,3e96989101b99f1189a9f03bdd29464e,41ab63a91b8b264e8c8780368bf1dd5b,2017-10-30 18:45:47,45.00,14.10,2026-01-01
68e48e68da1f50f7c5838ea75e3a20dd,1,a659cb33082b851fb87a33af8f0fff29,817245bcc3badd82bbd222e0366951a6,2018-06-22 17:00:57,84.90,13.25,2026-01-01
68e48e68da1f50f7c5838ea75e3a20dd,2,a659cb33082b851fb87a33af8f0fff29,817245bcc3badd82bbd222e0366951a6,2018-06-22 17:00:57,84.90,13.25,2026-01-01
68e48e68da1f50f7c5838ea75e3a20dd,3,a659cb33082b851fb87a33af8f0fff29,817245bcc3badd82bbd222e0366951a6,2018-06-22 17:00:57,84.90,13.25,2026-01-01
68e48e68da1f50f7c5838ea75e3a20dd,4,a659cb33082b851fb87a33af8f0fff29,817245bcc3badd82bbd222e0366951a6,2018-06-22 17:00:57,84.90,13.25,2026-01-01
690199d6a2c51ff57c6b392d7680cbfd,1,75d6b6963340c6063f7f4cfcccfe6a30,cc419e0650a3c5ba77189a1882b7556a,2018-03-23 11:49:14,54.99,18.26,2026-01-01
6942b8da583c2f9957e990d028607019,1,ee0c1cf2fbeae95205b4aa506f1469f0,cc419e0650a3c5ba77189a1882b7556a,2018-01-18 02:32:30,53.99,15.13,2026-01-01
694630e7a7713c116a9b7f0ba3377382,1,78efe838c04bbc568be034082200ac20,0241d4d5d36f10f80c644447315af0bd,2018-04-17 05:50:45,99.90,21.78,2026-01-01
6a0a8bfbbe700284feb0845d95e0867f,1,f8a8f05a35976a91aed5cccc3992c357,4a3ca9315b744ce9f8e9374361493884,2017-11-28 11:46:50,83.90,17.84,2026-01-01
6a3cdd7762dfe7bfa407496303097855,1,3ffc8b6c3ae2afbf307cbd802bfb5e4c,977f9f63dd360c2a32ece2f93ad6d306,2018-03-22 12:50:30,90.90,67.01,2026-01-01
6a4b06a2b62d1f2c69cf1f7a4eae074a,1,e0cf79767c5b016251fe139915c59a26,da8622b14eb17ae2831f4ac5b9dab84a,2018-04-18 21:50:57,29.90,16.95,2026-01-01
6a6c7d523fd59eb5bbefc007331af717,1,73a6530caef9511c04711d12dcef551c,4e42581f08e8cfc7c090f930bac4552a,2017-12-05 23:15:15,129.00,47.61,2026-01-01
6abaa1126b7b6ae01eb168ec3da96dac,1,d017a2151d543a9885604dc62a3d9dcc,6560211a19b47992c3666cc44a7e94c0,2018-06-19 19:58:28,49.00,18.44,2026-01-01
6abaad69b8b349c3a529b4b91ce18e46,1,3dd6c9d499e7c311a29e08afe1fd8fc6,537eb890efff034a88679788b647c564,2018-02-21 09:47:59,42.90,14.10,2026-01-01
6ac882284d5fcde113962e178ba0edbb,1,88bcd4cc43e257bf69ac62b2540f1c14,86ccac0b835037332a596a33b6949ee1,2017-12-18 03:49:32,33.50,15.10,2026-01-01
6b7c5703bdc03335b37020877a06625e,1,0688d52e92d927814617e26d7702df10,681fce914360217db47784ae28905a96,2017-11-30 01:49:32,65.00,14.20,2026-01-01
6b860b35691d486e45dc98e3514ec5f6,1,c827fb43ad0fb8708f34c2911fdc164b,76d5af76d0271110f9af36c92573f765,2017-12-14 02:49:54,544.00,30.36,2026-01-01
6bb1e842418aac0c9c820afd3bb63a2d,1,f361fccba568fabe00db466f80626d1e,85d9eb9ddc5d00ca9336a2219c97bb13,2018-02-27 13:25:28,15.90,16.79,2026-01-01
6be749c0e984143242faa174d084889f,1,e7cc48a9daff5436f63d3aad9426f28b,53243585a1d6dc2643021fd1853d8905,2018-08-16 08:50:10,199.00,24.54,2026-01-01
6c12feac9a308e1382d9b19cca7f20b2,1,d47821b10559fffaefcf3e57d2b5ff76,0df3984f9dfb3d49ac6366acbd3bbb85,2017-05-11 14:02:30,208.90,12.07,2026-01-01
6c2953724cd30669e1b904e179a2346f,1,2f5e485bacfeb554bec55cd497c9bc51,4830e40640734fc1c52cd21127c341d4,2018-02-22 09:49:50,49.99,16.79,2026-01-01
6cb134bb285a64b0425d1fdaa00d4214,1,463cdd8acfe23847f35e29076df0bbbd,c3acdfac4e3e97ff87529454fbc03642,2018-07-06 20:50:21,1999.00,32.09,2026-01-01
6cc4eb51469dec50a6130fe1cd07b7f9,1,d458378a178cd7cae60052319cebf235,aba1721a889e04decc910aa13b768ef4,2017-05-12 13:05:31,131.00,8.17,2026-01-01
6ccac061be472c84db514aca9acd26e0,1,f62cbf4416c9ef8e1b4e8d5279891f24,8b321bb669392f5163d04c59e235e066,2017-12-15 07:58:24,13.65,7.78,2026-01-01
6cd474b81add3c3d62536cab3e34aa23,1,f4d2144023a238288d36db2840a37ea0,612170e34b97004b3ba37eae81836b4c,2018-08-15 09:24:32,170.00,10.32,2026-01-01
6d231a099f98f5a590ad78db56ae82f1,1,4ac50dbde931c0a5ed8c33d3dc047351,2e1c9f22be269ef4643f826c9e650a52,2017-11-16 22:30:25,34.49,7.78,2026-01-01
6d25592267349b322799e2beb687871e,1,c3ba4e8d3cb30049213b682e751e9d00,6560211a19b47992c3666cc44a7e94c0,2018-08-30 04:10:18,93.00,7.91,2026-01-01
6d25592267349b322799e2beb687871e,2,c3ba4e8d3cb30049213b682e751e9d00,6560211a19b47992c3666cc44a7e94c0,2018-08-30 04:10:18,93.00,7.91,2026-01-01
6d46f8b7f485ad93146f9880682d4eb2,1,5522d9e4b6d59f452aff650b213369d8,bccf933e006e9b94a6184af782963e77,2017-11-30 11:54:51,49.39,12.69,2026-01-01
6d60cc495dfb5a5851f56f188c4e4059,1,015f06d7b83e5a6f7d1765fb5d8bdfa6,dc8798cbf453b7e0f98745e396cc5616,2017-05-04 21:15:11,24.90,10.96,2026-01-01
6d710101fb9f067dd5385ea1b6021946,1,db624f08f4e059241d3842eb750ecd7b,7fc87cc3e89b3d1d5cabdca32f8485aa,2018-06-20 10:30:46,13.90,8.88,2026-01-01
6d7de866a140b19d09e825b2a4e944c7,1,aca2eb7d00ea1a7b8ebd4e68314663af,955fee9216a65b617aa5c0531780ce60,2018-04-22 22:10:15,69.90,0.00,2026-01-01
6d7de866a140b19d09e825b2a4e944c7,2,aca2eb7d00ea1a7b8ebd4e68314663af,955fee9216a65b617aa5c0531780ce60,2018-04-22 22:10:15,69.90,0.00,2026-01-01
6de3383be650cfe96aed26171ad65c47,1,9d8a0e115e802d845b4ce1eb794d1260,d05ae8f7a5bd1d2a690a44cd079e4e27,2017-10-24 16:56:50,120.00,7.94,2026-01-01
6de3383be650cfe96aed26171ad65c47,2,7666acd3cb60e97bf02449e36be0c02a,d05ae8f7a5bd1d2a690a44cd079e4e27,2017-10-24 16:56:50,204.00,23.83,2026-01-01
6e09e14cbfbf46215f17805edfb79aae,1,72a137b85d5a1d82cde242493f118f43,ce27a3cc3c8cc1ea79d11e561e9bebb6,2017-05-30 04:05:23,29.99,14.10,2026-01-01
6ea2f835b4556291ffdc53fa0b3b95e8,1,be021417a6acb56b9b50d3fd2714baa8,f5f46307a4d15880ca14fab4ad9dfc9b,2017-11-30 00:21:09,339.00,17.12,2026-01-01
6ebaec694d7025e2ad4a05dba887c032,1,e251ebd2858be1aa7d9b2087a6992580,001cca7ae9ae17fb1caed9dfb1094831,2017-05-24 14:05:17,139.00,14.72,2026-01-01
6efcd938092fe73904610b4bd39b2e7f,1,d2fc2696871ca6b94af5deb0a8d5590d,527801b552d0077ffd170872eb49683b,2017-12-15 21:55:32,129.90,16.54,2026-01-01
6f209510f34ce1a8c89d11273039981d,1,c7fd13b5e515bffdab855d0812842edb,1025f0e2d44d7041d6cf58b6550e0bfa,2018-05-17 10:12:15,40.00,11.42,2026-01-01
6f36c999f8ef8d1a3a999079a5b637aa,1,f9be8e0e5acd947d8f49dbc390b9ab20,4a3ca9315b744ce9f8e9374361493884,2017-12-21 15:49:52,153.00,18.57,2026-01-01
6f36c999f8ef8d1a3a999079a5b637aa,2,b935c4a30d29406e3633e74b9b887307,a3e9a2c700480d9bb01fba070ba80a0e,2017-12-21 15:49:52,77.00,14.29,2026-01-01
6f5a2dbe5ccce73a9d053a542baabd1c,1,a630323d497e2acc89574e8b792c6936,e9bc59e7b60fc3063eb2290deda4cced,2018-07-09 11:18:28,139.50,14.32,2026-01-01
6f5a2dbe5ccce73a9d053a542baabd1c,2,a630323d497e2acc89574e8b792c6936,e9bc59e7b60fc3063eb2290deda4cced,2018-07-09 11:18:28,139.50,14.32,2026-01-01
6f6665c1d76e55561978ccb45bdcafc6,1,d86db9a9e478ff057c0541537639a10e,cca3071e3e9bb7d12640c9fbe2301306,2017-03-05 08:03:00,21.90,14.52,2026-01-01
6f6665c1d76e55561978ccb45bdcafc6,2,d86db9a9e478ff057c0541537639a10e,cca3071e3e9bb7d12640c9fbe2301306,2017-03-05 08:03:00,21.90,14.52,2026-01-01
6f6665c1d76e55561978ccb45bdcafc6,3,d86db9a9e478ff057c0541537639a10e,cca3071e3e9bb7d12640c9fbe2301306,2017-03-05 08:03:00,21.90,14.52,2026-01-01
6f841dde94727854eaff3f66432c80ea,1,c600d7f13104e8db2ca2b9fa78581409,f18112da765e0971ca5d510dec322bdd,2018-01-08 19:32:22,168.90,24.05,2026-01-01
6f954a919130aa1e8def4ed1b9fca432,1,84bfcd3c1a4f15e9bd5867a775e232d9,116ccb1a1604bc88e4d234a8c23f33de,2018-08-02 03:50:25,13.30,8.88,2026-01-01
6fa204b6cf6dcfe6c9adca7dc53aa32a,1,28a652ff04e43c1bc57937a9f8770f9b,3d871de0142ce09b7081e2b9d1733cb1,2017-08-09 03:04:48,95.00,13.01,2026-01-01
6ffdb56df83717770ba1d34001f4686a,1,9f81413382c6e7b2b2eaff6930f1fd98,9d69ba0a7a626a64dc5db08e529559cf,2018-07-19 19:45:10,19.30,18.24,2026-01-01
7107c5823a581db0314f8f0fa95f61e7,1,3b0fbb3ab5b1512278d2e1c695b07e85,d2374cbcbb3ca4ab1086534108cc3ab7,2018-03-19 16:15:38,72.90,12.01,2026-01-01
711f6009f8bf028b3fa426696b581432,1,c7fd13b5e515bffdab855d0812842edb,1025f0e2d44d7041d6cf58b6550e0bfa,2018-08-07 17:24:06,40.00,23.08,2026-01-01
714e2644ab665027234ed7a6b3e82274,1,9d32095f76b97762307e86cfc18dd7a0,391fc6631aebcf3004804e51b40bcf1e,2017-08-22 08:55:06,49.95,16.79,2026-01-01
714fb133a6730ab81fa1d3c1b2007291,1,a0b7d5a992ccda646f2d34e418fff5a0,95f83f51203c626648c875dd41874c7f,2018-02-01 21:58:39,69.90,26.11,2026-01-01
7156f3e0b94405abcbad1a8c94557338,1,6b61c9889ff5ea54a786b54fff36251f,8fdca8e349553f99bc738833a62c8802,2017-04-27 16:30:11,17.50,10.96,2026-01-01
7206b86ea789983f7a273ea7fa0bc2a8,1,9a469eaf45dfbc43d39ba1977a3c07af,d2374cbcbb3ca4ab1086534108cc3ab7,2018-03-30 17:27:57,36.90,12.79,2026-01-01
7209ce21354cff1e1957b42ea0a76cd1,1,ddb9028236525b8ab493fc24f99e8d1a,da8622b14eb17ae2831f4ac5b9dab84a,2018-01-17 23:10:26,149.90,12.75,2026-01-01
72144791fc7fd8048eafc90d7f82ba54,1,d2f5484cbffe4ca766301b21ab9246dd,36a968b544695394e4e9d7572688598f,2017-08-10 20:05:53,12.88,15.10,2026-01-01
72344ea1113e3227494c465a64ae58aa,1,4011494d902f1075a502ffe9432186b3,f5a590cf36251cf1162ea35bef76fe84,2018-01-18 15:51:33,49.00,15.79,2026-01-01
727412faf7aef5ef3c7e0f03350d80c7,1,eebe0f0f8b8d4e13e07a558b90e1a6dd,d2374cbcbb3ca4ab1086534108cc3ab7,2017-05-12 05:22:15,65.90,17.20,2026-01-01
7297f6bfea2a33ef176cff30f467aa41,1,5d66715cc928aadd0074f61332698593,128639473a139ac0f3e5f5ade55873a5,2018-04-20 14:31:15,19.90,18.23,2026-01-01
72ee4a26e767e55282ac10e63c7b1227,1,9ccf11289147e5277b022439b4ea1f20,955fee9216a65b617aa5c0531780ce60,2018-06-26 19:31:39,60.00,52.77,2026-01-01
734e7d1bbaeb2ff82521ca0fe6fb6f79,1,278b3c6462e86b4556b99989513ddf73,d1ef48b38baca7e831711c4a0aeb398f,2018-06-13 08:31:12,29.99,13.47,2026-01-01
741fd1b80f015f170a7f458cf86769b8,1,2b4609f8948be18874494203496bc318,cc419e0650a3c5ba77189a1882b7556a,2017-12-11 14:38:30,89.99,16.39,2026-01-01
746347ecc5cc9cb88a346545608fb635,1,84c79830527ae823029ee6b904cf948c,11d4c477d09821164bca4f70a2eae031,2017-08-09 14:03:01,32.70,17.06,2026-01-01
747996a66f5aa711deb8ae58f5ae46a0,1,2797d3826d386bfda4f347a378b89f4d,48efc9d94a9834137efd9ea76b065a38,2017-01-09 15:25:10,9.90,8.72,2026-01-01
74c951ce0835b2741d3014321ae9c480,1,b4bcc9155de9c60e343ecbff22b86dc8,f8db351d8c4c4c22c6835c19a46f01b0,2018-08-23 17:50:28,129.90,9.66,2026-01-01
74ebfa44a323c96a7760bd693d690a3d,1,7d1fc7d682f6a5c8e47437e3540f4415,376a891762bbdecbc02b4b6adec3fdda,2017-06-22 00:35:26,359.50,33.96,2026-01-01
75351e48296ef42211a0b80c427aae57,1,28f2e74ecd7f12eab02ca9b3c2bd9c5f,ca3bd7cd9f149df75950150d010fe4a2,2017-03-28 16:25:43,87.37,10.79,2026-01-01
7535955a5fee70328e9fe079653e03f1,1,fed7ed9a2c9239558d696bfb40fc96a9,ed4acab38528488b65a9a9c603ff024a,2017-05-05 15:02:33,199.90,9.77,2026-01-01
75d1b089800a77f3c4b653e297632423,1,a35a9f46dcee0a67c8c7ad8493eb4135,85d9eb9ddc5d00ca9336a2219c97bb13,2018-08-27 11:44:06,24.90,16.36,2026-01-01
75d4b0b71e66d09b6070bd54c61e20fd,1,188c2b55dbae7df073f4f4a24e232ce9,04e38a233f726ef161074ab1c9b0399a,2017-11-23 20:15:27,19.90,9.34,2026-01-01
75f433fd5ff62807235cb08b520c3c49,1,f9be8e0e5acd947d8f49dbc390b9ab20,4a3ca9315b744ce9f8e9374361493884,2017-08-03 11:35:14,153.00,12.57,2026-01-01
760312f5735ee281f01e56d5ddee05e3,1,0609678aec06f28cd8e177550d26e73b,a673821011d0cec28146ea42f5ab767f,2018-06-15 16:00:43,74.99,25.58,2026-01-01
760312f5735ee281f01e56d5ddee05e3,2,2f48e99df2052ce8a7d14855ea40e838,a673821011d0cec28146ea42f5ab767f,2018-06-15 16:00:43,74.99,25.58,2026-01-01
769cad60df1d40dccfd5ec163be24654,1,26a4f62a409a78816adb31e0d729a163,b45d7ebfb7378630f1bcd74b6ff86ff7,2017-09-26 15:30:14,299.90,24.42,2026-01-01
76a1ee4ee17ea3b77f3c483c0a73e9c1,1,f03859e4cc21018569f5ae7a03897ff4,7299e27ed73d2ad986de7f7c77d919fa,2017-08-10 14:55:13,45.00,34.15,2026-01-01
76c6e866289321a7c93b82b54852dc33,1,ac1789e492dcd698c5c10b97a671243a,63b9ae557efed31d1f7687917d248a8d,2017-01-27 18:29:09,19.90,16.05,2026-01-01
775130c792f4c6460c63162e994a1114,1,99b4596b82b6f75d453160c9c75e01f4,6bbcb8924baf70b7fe2fe2097e8cd407,2017-12-15 18:04:01,257.60,15.67,2026-01-01
7753606fb1d0067848f8a1a7ae5abefa,1,d63c1011f49d98b976c352955b1c4bea,cc419e0650a3c5ba77189a1882b7556a,2018-05-08 15:58:53,59.99,8.88,2026-01-01
7753606fb1d0067848f8a1a7ae5abefa,2,d63c1011f49d98b976c352955b1c4bea,cc419e0650a3c5ba77189a1882b7556a,2018-05-08 15:58:53,59.99,8.88,2026-01-01
777ee9a9950b655601a65012d4e45584,1,601a360bd2a916ecef0e88de72a6531a,7a67c85e85bb2ce8582c35f2203ad736,2017-10-13 15:07:11,119.99,36.96,2026-01-01
777ee9a9950b655601a65012d4e45584,2,90c6d279023ee6c3b1f494883e90b6a8,977f9f63dd360c2a32ece2f93ad6d306,2017-10-13 15:07:11,90.90,1.85,2026-01-01
77af7c6e42549e58f42977d5be538d0d,1,97afd188bb555122d11925deb0052174,fdaaf5bfda82b7b80535610c831b8d09,2018-03-14 17:10:55,109.90,18.65,2026-01-01
77e9941864fc840be8e4b1ba5347c0f7,1,a01d1cbb398e386a4a8f8364401a7584,d566c37fa119d5e66c4e9052e83ee4ea,2018-08-07 09:10:14,65.90,37.37,2026-01-01
780fe22baa36991bdbb1559f5b549596,1,4bb4fb9c85785b75ab4f6559900c7ca1,ef506c96320abeedfb894c34db06f478,2017-04-27 19:41:06,37.99,14.52,2026-01-01
7835af1856de332f2f3c9204b740a3a2,1,a1250bbcaa645885c9165eab1573b5c6,6560211a19b47992c3666cc44a7e94c0,2017-12-29 17:48:13,49.99,14.10,2026-01-01
7842147864c0425541edd55923f3c0f1,1,363218ba55c610b750224f90bdd34be1,33a6f4b1e7cdc205511e76ba1b6e0186,2018-02-06 13:57:11,79.99,14.31,2026-01-01
7845a2492ab1b4f2cf3d56c7b8da1446,1,16241e79b047426033194065d8b321b2,4830e40640734fc1c52cd21127c341d4,2018-01-24 12:56:40,29.99,14.10,2026-01-01
7876404b81dcee26d47be1c7131b16ec,1,ea44caac707f7f1325182a538007f838,855668e0971d4dfd7bef1b6a4133b41b,2017-07-27 09:43:06,50.00,17.60,2026-01-01
794f771a39b24c7c47aa9eb198f066ed,1,1891f20b2a27a8b700d7a7ff5a7a0039,d2374cbcbb3ca4ab1086534108cc3ab7,2017-11-30 13:35:21,24.90,11.85,2026-01-01
7958d9e7f3083099780539e0054d0c54,1,54d9ac713e253fa1fae9c8003b011c2a,955fee9216a65b617aa5c0531780ce60,2018-03-12 03:55:59,35.00,13.08,2026-01-01
7ab9c55c59eaeea579d047e2d8aaed81,1,c4b925e40f11289063a854c47aaef129,ffff564a4f9085cd26170f4732393726,2017-02-01 13:04:20,11.50,10.96,2026-01-01
7ac1f3de2cdc809de6aa1e6719451f53,1,7567d226ff0be3edcfca0124da0ca3f5,dfa0c4c6229ab200a4a1336b4d7128ff,2018-06-18 10:21:08,21.50,18.25,2026-01-01
7b2f3756c235e93b2ad6330c54805401,1,e2c843e2762213223f21e0206e3b9d9d,c013e57c075a06e5b5c48ee03c525719,2018-03-16 17:31:42,63.99,18.33,2026-01-01
7b58fca3faf09217a36d5febee5739a5,1,b8a0d73b2a06e7910d9864dccdb0cda2,620c87c171fb2a6dd6e8bb4dec959fc6,2018-03-08 23:15:32,59.90,16.86,2026-01-01
7c18eddfcd24680d80a502346221614e,1,0ec96e6d31a1493b0475805c9ae1a0a2,09f952a5f58d2285b0372551ae8f9b01,2018-07-17 16:04:02,167.00,18.95,2026-01-01
7c18eddfcd24680d80a502346221614e,2,e9a69340883a438c3f91739d14d3a56d,1b4c3a6f53068f0b6944d2d005c9fc89,2018-07-17 16:04:02,169.49,68.23,2026-01-01
7c3e6d9d783f5fb5927a500abf1cfbaf,1,91d48f051858be85a524d623648cdf0d,a673821011d0cec28146ea42f5ab767f,2018-08-28 01:30:12,49.90,11.37,2026-01-01
7ce20b22753ccc86fdb3b6f7efefcc75,1,a54244559e62c8ef2939e52189d65d4c,282f23a9769b2690c5dda22e316f9941,2018-07-31 13:35:14,58.32,20.36,2026-01-01
7d1ac7d65c6b5d59a9ac241fa41da57d,1,4633dfeb3a2588bdb52af32d504b44eb,b76dba6c951ab00dc4edf0a1aa88037e,2017-07-05 23:30:10,19.99,15.10,2026-01-01
7d219bd2feeb13ad311a00db33c06a3c,1,2d063994ae4667cff3d6841e9d441d1d,13d058e4eeac2ce8217660b2f8a05812,2017-05-31 14:02:20,89.99,15.38,2026-01-01
7d2286ec219f58023352077d938dee48,1,bcd58b852a3b0152b6b384c4e4474ba2,8b321bb669392f5163d04c59e235e066,2018-08-23 17:08:38,132.00,11.94,2026-01-01
7d7b903bbd7d3b762ad60115c30185f2,1,ac8e7cf3a658f63dc68dd7f3b8b5f97b,218d46b86c1881d022bce9c68a7d4b15,2017-08-20 22:05:27,107.00,16.38,2026-01-01
7e05645577366863a93350aac5cc7de5,1,fd55ab8af788f6bba621cd37a8701889,062ce95fa2ad4dfaedfc79260130565f,2017-03-29 17:25:28,68.90,79.86,2026-01-01
7e3e92dc3eaf5389f32da97228f7dd0e,1,f0bc0aed23d451f89495f7650d81e244,a3a38f4affed601eb87a97788c949667,2017-07-06 21:03:55,79.90,15.31,2026-01-01
7e3f9f89f31e57c84fe4ef9a5bb9bc1e,1,8108bd323f83c37e82b2f8ff9263da19,12b9676b00f60f3b700e83af21824c0e,2017-09-08 12:55:19,199.00,25.94,2026-01-01
7ebe19943d85e81a7b0eb108681276b7,1,9d32095f76b97762307e86cfc18dd7a0,391fc6631aebcf3004804e51b40bcf1e,2018-08-01 09:03:37,49.95,19.13,2026-01-01
7ebe19943d85e81a7b0eb108681276b7,2,87d780fa7d2cf3710aa02dc4ca8db985,da8622b14eb17ae2831f4ac5b9dab84a,2018-07-26 09:03:37,119.90,22.96,2026-01-01
7f97f025c45cac922275120fdee4e062,1,a703f5ade6e4fae527357132230ea778,f4aba7c0bca51484c30ab7bdc34bcdd1,2017-02-11 12:01:07,23.90,10.96,2026-01-01
7fd4d653725c9338a9c3eae892dbf616,1,fc8379cce9f27ea602b3c16f7eb121b3,883dd81e82754ac2c65e9790a7db8c9a,2018-03-13 15:00:24,49.90,13.47,2026-01-01
802ee584365ed44c00f4207fb17ae67b,1,c862d801c5bf9b08e1bde0e3801199ed,6d66611d7c44cc30ce351abc49a68421,2018-07-27 13:20:17,39.90,18.08,2026-01-01
80b0f4fc350532f6e0ce9aa81ccde91c,1,7a10781637204d8d10485c71a6108a2e,4869f7a5dfa277a7dca6462dcf3b52b2,2018-03-07 17:09:42,204.00,14.45,2026-01-01
80d36d94a5ac668fd0479b5e848207c9,1,dc404a1496a08f9f5540c8b5d4b92925,46dc3b2cc0980fb8ec44634e21d2718e,2017-11-22 17:16:09,299.99,20.00,2026-01-01
80d817467dc3d0a4bb5ab8986c962b1f,1,425db55cb3b0f5b18a2d9964da31c3c0,2a84855fd20af891be03bc5924d2b453,2018-08-24 16:25:19,49.90,16.54,2026-01-01
80d817467dc3d0a4bb5ab8986c962b1f,2,425db55cb3b0f5b18a2d9964da31c3c0,2a84855fd20af891be03bc5924d2b453,2018-08-24 16:25:19,49.90,16.54,2026-01-01
813f8916cd12b887b0fa271f3263a4d3,1,a35a9f46dcee0a67c8c7ad8493eb4135,85d9eb9ddc5d00ca9336a2219c97bb13,2017-04-20 17:42:10,27.90,14.52,2026-01-01
82566a660a982b15fb86e904c8d32918,1,72a97c271b2e429974398f46b93ae530,094ced053e257ae8cae57205592d6712,2018-06-18 03:13:12,31.90,18.23,2026-01-01
825c221a4e981f278e9c5ec6ead83a3f,1,f8b09faf273ab8c2cb4209378253f56a,431af27f296bc6519d890aa5a05fdb11,2017-07-05 23:23:28,73.90,13.54,2026-01-01
82bce245b1c9148f8d19a55b9ff70644,1,a5a0e71a81ae65aa335e71c06261e260,c8417879a15366a17c30af34c798c332,2017-04-27 05:15:56,38.00,15.56,2026-01-01
82bce245b1c9148f8d19a55b9ff70644,2,a5a0e71a81ae65aa335e71c06261e260,c8417879a15366a17c30af34c798c332,2017-04-27 05:15:56,38.00,15.56,2026-01-01
82bce245b1c9148f8d19a55b9ff70644,3,a5a0e71a81ae65aa335e71c06261e260,c8417879a15366a17c30af34c798c332,2017-04-27 05:15:56,38.00,15.56,2026-01-01
82bce245b1c9148f8d19a55b9ff70644,4,a5a0e71a81ae65aa335e71c06261e260,c8417879a15366a17c30af34c798c332,2017-04-27 05:15:56,38.00,15.56,2026-01-01
82bce245b1c9148f8d19a55b9ff70644,5,a5a0e71a81ae65aa335e71c06261e260,c8417879a15366a17c30af34c798c332,2017-04-27 05:15:56,38.00,15.56,2026-01-01
82daed31f80350ce51f518369a8d181c,1,dca8cbb1c9d8a2db0fbc0c36b8d1a7bc,6560211a19b47992c3666cc44a7e94c0,2017-07-03 11:04:48,89.00,7.88,2026-01-01
83018ec114eee8641c97e08f7b4e926f,1,c35498fbb4358837ae16850f50c3fd22,70a12e78e608ac31179aea7f8422044b,2017-11-01 16:07:35,76.00,16.97,2026-01-01
8373f5d7df6d9249999fd38f8513e6d7,1,cac9e5692471a0700418aa3400b9b2b1,7ea5bfa6c340f58f8e71fc1f0412b0d6,2018-04-04 12:48:47,115.00,15.69,2026-01-01
83d47a55a238c75386e31ef70f5d8b45,1,c32788bc915b1ce4316822a1b7c4ec91,53e4c6e0f4312d4d2107a8c9cddf45cd,2018-02-07 14:55:28,52.00,11.73,2026-01-01
83ea47ad24b5fce57aa5ade0fd069c94,1,154e7e31ebfa092203795c972e5804a6,cc419e0650a3c5ba77189a1882b7556a,2017-10-06 12:49:12,23.99,34.15,2026-01-01
84398110dbaecfbc9ef3dc592c6b189b,1,e475b26e5db4c91fa1cd25927908eac2,d12c926d74ceff0a90a21184466ce161,2017-04-18 02:25:12,49.90,8.72,2026-01-01
8447ff843b2616c50c0ced28ab1dae03,1,7a10781637204d8d10485c71a6108a2e,4869f7a5dfa277a7dca6462dcf3b52b2,2017-12-29 02:37:45,219.90,18.79,2026-01-01
8563039e855156e48fccee4d611a3196,1,bff2010b28e8fbcff5a9db9d3fea5ac4,955fee9216a65b617aa5c0531780ce60,2018-02-22 15:15:34,78.00,28.95,2026-01-01
858505c5992f35429d07aae37bad60a8,1,18b0e642cbae7251e60a64aa07dd9eb9,85d9eb9ddc5d00ca9336a2219c97bb13,2018-08-29 10:50:16,22.32,22.09,2026-01-01
85ce859fd6dc634de8d2f1e290444043,1,cce679660c66e6fbd5c8091dfd29e9cd,d2374cbcbb3ca4ab1086534108cc3ab7,2017-11-29 00:14:22,17.90,11.85,2026-01-01
86b37610c0e86e94afe3d5ba4b73fa14,1,77ccbcf251886c8b83676fc918e7336c,f789d2c4f2c2eb38fc4373e7a4b35264,2017-11-28 02:49:29,49.99,25.66,2026-01-01
86b37610c0e86e94afe3d5ba4b73fa14,2,1e56c680b07833e85fec6904b2c7e4b8,f789d2c4f2c2eb38fc4373e7a4b35264,2017-11-28 02:49:29,59.99,25.66,2026-01-01
86e574a0701d15590bf31783bc7de5dc,1,2c82351074f92b0f7225437cea2b47c6,2b3b9ce054da76a7428df143a567b156,2018-07-18 20:31:03,94.00,18.46,2026-01-01
86e6162676905a8c6ad0bcbd7df8debe,1,8347d3b517ab185dea43991aebb46737,cfb1a033743668a192316f3c6d1d2671,2017-07-21 09:25:08,25.50,15.10,2026-01-01
86f21bf63784876b9fd6d35f46581d72,1,5526b1ae9ab2688cf600783cece249df,0b90b6df587eb83608a64ea8b390cf07,2018-04-23 22:49:32,98.44,22.40,2026-01-01
86f408a9212aebbcddb41c1e8c65ebe0,1,e9e7c986c179d190220afed62bbfd79b,ea8482cd71df3c1969d7b9473ff13abc,2018-06-20 18:57:30,27.99,7.46,2026-01-01
8736140c61ea584cb4250074756d8f3b,1,b00a32a0b42fd65efb58a5822009f629,3504c0cb71d7fa48d967e0e4c94d59d9,2017-08-16 13:50:09,75.90,7.79,2026-01-01
87386e2485df1ab61a6d060a092e4d6f,1,3df02779fb868fabf6f42649c50b6046,dbc22125167c298ef99da25668e1011f,2017-11-22 23:50:57,35.90,17.92,2026-01-01
879195f2460f97ab2f3bf119f2e8638b,1,4a6fffd5a0ca2230cf5b84dc624e9f95,527801b552d0077ffd170872eb49683b,2018-02-08 15:11:02,27.90,11.85,2026-01-01
87afd3fd1ec1b984a228c772b5dd2a4c,1,a92930c327948861c015c919a0bcb4a8,6560211a19b47992c3666cc44a7e94c0,2018-06-14 22:12:13,78.00,18.43,2026-01-01
884b1394fc8888e6a877df86eb19e74c,1,437c05a395e9e47f9762e677a7068ce7,f84fa566034f5e8e880a07ec624c56af,2018-03-25 22:08:28,47.65,7.39,2026-01-01
884cb4ce4a06390d35206de06f785d13,1,0a8f26369822d83b82d0d3e87908fbd4,f262cbc1c910c83959f849465454ddd3,2018-04-10 03:29:36,16.99,7.39,2026-01-01
88c588c116fd06fb8e48dd83af88ec4a,1,5322d72e04acadda01cd9c274b4af288,4e85b538b0dad58852641540686d0e14,2017-11-23 13:35:26,14.39,15.10,2026-01-01
89165e6d4c28047da0adf13ac8b3e1b3,1,5f42d57952b7815098979a5c4fa6f82a,c70c1b0d8ca86052f45a432a38b73958,2018-07-24 13:50:14,110.32,8.03,2026-01-01
895e066de0072faddf0044db8e490353,1,b2e22c958b453a43a650a579dcac2e43,d650b663c3b5f6fb392b6326366efa9a,2018-04-10 09:48:58,359.00,17.39,2026-01-01
8a0b2bc5c7a1c524635f4de8bae9dffe,1,52690beab08122aee391378fbf246a58,cd68562d3f44870c08922d380acae552,2017-11-29 22:37:27,485.00,19.15,2026-01-01
8a0b2bc5c7a1c524635f4de8bae9dffe,2,52690beab08122aee391378fbf246a58,cd68562d3f44870c08922d380acae552,2017-11-29 22:37:27,485.00,19.15,2026-01-01
8a49984afb76dae66f3810e1b7093ec4,1,64d0feb1bcf9c7fe7b5dad3271c10910,e5a38146df062edaf55c38afa99e42dc,2018-02-22 02:35:43,89.18,27.16,2026-01-01
8ac7bcd85522aa82e2d89d27ea9cb818,1,964093075b6885bfcc6520dd216e4d8f,4830e40640734fc1c52cd21127c341d4,2018-03-28 21:08:15,25.00,15.23,2026-01-01
8ad3f1d0f96992e43566c4c82c9f6c58,1,64c8bc3ebf6cc99d1a734c908961c8c8,0417b067eeab773d2f7061a726dc477f,2018-07-19 21:35:17,67.99,25.60,2026-01-01
8adafb3466daa5395694d3a906ff9d40,1,5554c5718f820a868853dbc5ca859b3b,973f21788dfab357250f69a8dcb7ddee,2017-01-29 15:47:27,21.00,6.25,2026-01-01
8adafb3466daa5395694d3a906ff9d40,2,181b31b11ea16a87d5acab5a78320b93,973f21788dfab357250f69a8dcb7ddee,2017-01-29 15:47:27,35.00,10.42,2026-01-01
8adafb3466daa5395694d3a906ff9d40,3,5554c5718f820a868853dbc5ca859b3b,973f21788dfab357250f69a8dcb7ddee,2017-01-29 15:47:27,21.00,6.25,2026-01-01
8adafb3466daa5395694d3a906ff9d40,4,181b31b11ea16a87d5acab5a78320b93,973f21788dfab357250f69a8dcb7ddee,2017-01-29 15:47:27,35.00,10.42,2026-01-01
8adafb3466daa5395694d3a906ff9d40,5,871cfa7d587b8305a5a0e376866323ef,973f21788dfab357250f69a8dcb7ddee,2017-01-29 15:47:27,28.00,8.34,2026-01-01
8adafb3466daa5395694d3a906ff9d40,6,871cfa7d587b8305a5a0e376866323ef,973f21788dfab357250f69a8dcb7ddee,2017-01-29 15:47:27,28.00,8.34,2026-01-01
8b37f436aea079bd73bbcbe103d14a0b,1,7b35be468d9795a7529f65c50ec87668,4869f7a5dfa277a7dca6462dcf3b52b2,2018-01-30 20:19:22,579.00,15.55,2026-01-01
8bbbef97d763f4dcf2e12cc5b5e0cee6,1,e671b914e8cc916b75cecb4034143e31,acce39e832338debb07b02385cde5967,2018-08-03 16:15:22,106.90,47.80,2026-01-01
8ca57f2b32c00588cab243b2115441f5,1,5cc37c2c2b8ea0c98010d1ee6028e45b,b32be1695eb7ec5f10f72d9610a12527,2018-08-09 06:45:09,1349.00,131.73,2026-01-01
8cd615f11b504c1ea4ea2d07e7ac2930,1,04c4a4b9c924494fcf82e0fba966f955,86ccac0b835037332a596a33b6949ee1,2018-03-22 14:10:57,26.74,18.23,2026-01-01
8dbdb81783a3c754dc9441826510a36a,1,1954739d84629e7323a4295812a3e0ec,7aa538dd6e114e503a2e6154ea352253,2018-08-16 15:10:27,102.90,14.30,2026-01-01
8e3f8be6e1ce8ec5b39dae59e0aabcff,1,9d838a7fbaba7fca5f1fad259984063a,897060da8b9a21f655304d50fd935913,2018-04-02 03:56:17,59.00,18.29,2026-01-01
8e3f8be6e1ce8ec5b39dae59e0aabcff,2,9d838a7fbaba7fca5f1fad259984063a,897060da8b9a21f655304d50fd935913,2018-04-02 03:56:17,59.00,18.29,2026-01-01
8e96f3e6633f7601ec50f3a904c3a3a2,1,0a41699cb57f40c605d3cfdddd61673b,1da3aeb70d7989d1e6d9b0e887f97c23,2017-09-01 18:55:17,44.99,9.34,2026-01-01
8e9e2a5d159d5718b34b926a34a0498f,1,060f0122cdc8f25db4a0d7359fdae7b0,6560211a19b47992c3666cc44a7e94c0,2018-01-18 19:37:22,49.00,7.78,2026-01-01
8eeda294fab8a5ed70259afb59a10ff8,1,dbb67791e405873b259e4656bf971246,00fc707aaaad2d31347cf883cd2dfe10,2018-02-19 01:35:40,80.90,12.70,2026-01-01
8eeda294fab8a5ed70259afb59a10ff8,2,dbb67791e405873b259e4656bf971246,00fc707aaaad2d31347cf883cd2dfe10,2018-02-19 01:35:40,80.90,12.70,2026-01-01
8efc076145638bcd5298053ddde6ff0c,1,178c8458c4907a2680456130f76e10e0,e5a3438891c0bfdb9394643f95273d8e,2018-01-15 11:29:43,41.30,8.11,2026-01-01
8f06cc6465925031568537b815f1198d,1,12087840651e83b48206b82c213b76fd,5b925e1d006e9476d738aa200751b73b,2017-11-21 11:46:42,299.00,18.34,2026-01-01
8fc207e94fa91a7649c5a5dab690272a,1,f2e53dd1670f3c376518263b3f71424d,4a3ca9315b744ce9f8e9374361493884,2017-11-30 17:58:34,109.90,25.61,2026-01-01
90349f264a3d6a2525a34598d09dda6b,1,216bb0e0cd43ffd832e0973d35e0377e,955fee9216a65b617aa5c0531780ce60,2018-05-15 03:30:32,45.00,7.39,2026-01-01
90349f264a3d6a2525a34598d09dda6b,2,216bb0e0cd43ffd832e0973d35e0377e,955fee9216a65b617aa5c0531780ce60,2018-05-15 03:30:32,45.00,7.39,2026-01-01
90349f264a3d6a2525a34598d09dda6b,3,216bb0e0cd43ffd832e0973d35e0377e,955fee9216a65b617aa5c0531780ce60,2018-05-15 03:30:32,45.00,7.39,2026-01-01
90349f264a3d6a2525a34598d09dda6b,4,216bb0e0cd43ffd832e0973d35e0377e,955fee9216a65b617aa5c0531780ce60,2018-05-15 03:30:32,45.00,7.39,2026-01-01
90349f264a3d6a2525a34598d09dda6b,5,216bb0e0cd43ffd832e0973d35e0377e,955fee9216a65b617aa5c0531780ce60,2018-05-15 03:30:32,45.00,7.39,2026-01-01
90349f264a3d6a2525a34598d09dda6b,6,216bb0e0cd43ffd832e0973d35e0377e,955fee9216a65b617aa5c0531780ce60,2018-05-15 03:30:32,45.00,7.39,2026-01-01
90855e99e15fa22aff68cdb4323b27c9,1,6f73b16abce275c50c172a2690ad4b12,2e3be8a987a30d7544dbbda6861cc14e,2018-07-26 21:50:23,99.99,15.80,2026-01-01
908e767e28908dc5ec61fe0ef8ef03f9,1,7fbf3cba00dcf6da3f7c0fe6a162b4c1,2a5b78b41cd05baeac8df54c6606b92c,2018-05-17 11:32:04,49.99,13.47,2026-01-01
90e4c72e836cb3e0bea6a31fd981a346,1,7172a7870fee91850dcbcb1f4de40cfc,4a3ca9315b744ce9f8e9374361493884,2017-08-31 11:50:13,89.90,12.13,2026-01-01
911fba382ab724c847ae5577e47949d4,1,835d8502d265ddeb4bdd39591d55fa2b,59fb871bf6f4522a87ba567b42dafecf,2018-03-06 10:31:24,149.99,27.59,2026-01-01
919a615149354b4e074eff65adaeae81,1,78c3942245093508f8e17ffc06a0dfcf,4830e40640734fc1c52cd21127c341d4,2018-01-04 20:08:04,45.99,14.10,2026-01-01
91b2a010e1e45e6ba3d133fa997597be,1,ba74c6b75d2ad7503175809688d5a03c,7d13fca15225358621be4086e1eb0964,2018-05-09 12:55:01,178.99,13.69,2026-01-01
91bcade2288597459e1dbce52d6d0ef9,1,c063e7cfa2a5277de17cde1837399dc5,79ebd9a61bac3eaf882805ed4ecfa12a,2018-01-10 13:29:16,124.90,38.42,2026-01-01
91c75b7ba1ec17918b96773bc0f8f443,1,672cd55beec76a54b88a865280fd9e5a,45c20d94d9171b0bcfab3c955e47d67b,2017-05-11 13:50:15,5.99,16.05,2026-01-01
91d7491c6b0eada151a7e307697841bc,1,13a7ea24fee9ef57c3b7b5b69d3b4cda,b561927807645834b59ef0d16ba55a24,2018-08-30 07:55:16,66.00,7.72,2026-01-01
92a9ef7f0a0d392c9ad0d5f44e86b4ba,1,9f1c3e71d56894398a42b050b07f1baa,92eb0f42c21942b6552362b9b114707d,2018-03-29 16:55:50,11.87,7.39,2026-01-01
92a9ef7f0a0d392c9ad0d5f44e86b4ba,2,9f1c3e71d56894398a42b050b07f1baa,92eb0f42c21942b6552362b9b114707d,2018-03-29 16:55:50,11.87,7.39,2026-01-01
92a9ef7f0a0d392c9ad0d5f44e86b4ba,3,9f1c3e71d56894398a42b050b07f1baa,92eb0f42c21942b6552362b9b114707d,2018-03-29 16:55:50,11.87,7.39,2026-01-01
9344ccd01ff5fa7ec2aef0ee7e1c49c3,1,058b372f969b59e8c4a27e224243909c,3d871de0142ce09b7081e2b9d1733cb1,2018-05-24 04:54:31,39.00,12.79,2026-01-01
93483f560d46ab6fb3fbf571c59d78dd,1,5411e9269501a870cabf632f05655131,3d871de0142ce09b7081e2b9d1733cb1,2017-12-21 23:53:53,129.00,20.14,2026-01-01
9370fc845feb5045400765a17c075cae,1,d7d5562fce331ad958ca6f57057b3526,7a67c85e85bb2ce8582c35f2203ad736,2018-02-14 07:35:58,65.99,16.71,2026-01-01
939e85580cc5404abd2ba9df25330fb8,1,95ddb6784d69952b116fd5bb2408b788,8e6cc767478edae941d9bd9eb778d77a,2017-07-18 18:25:20,39.60,17.60,2026-01-01
93a21c10557cc1b1ecfe2c3a808c648a,1,69594b9c8acebfbd1bbc19f782680d4c,7299e27ed73d2ad986de7f7c77d919fa,2018-03-05 10:15:33,320.00,18.00,2026-01-01
93b82c635931ca55e5d20e0d095507ce,1,b659034bc6cfc3d9baeda101c0c281fe,834f8533b2ecb6598dd004ff3de7203a,2017-09-06 05:44:41,88.60,13.18,2026-01-01
93ec3e2c9a4beee38c28973d307093e1,1,7ae5c4294636a8ccd3d8574daa6d7d21,17a053fcb14bd219540cbde0df490be0,2018-04-04 14:35:21,179.90,24.55,2026-01-01
9472d3c8a0ad463cbfc89897334431da,1,9036be77e0a74cca6eeef0740649b97b,de23c3b98a88888289c6f5cc1209054a,2017-11-27 09:50:30,69.99,19.03,2026-01-01
948097deef559c742e7ce321e5e58919,1,cd935d283d47f1050c505e1c39c48b67,a3a38f4affed601eb87a97788c949667,2017-08-10 17:25:11,69.90,25.77,2026-01-01
949d5b44dbf5de918fe9c16f97b45f8a,1,d0b61bfb1de832b15ba9d266ca96e5b0,66922902710d126a0e7d26b0e3805106,2017-11-23 19:45:59,45.00,27.20,2026-01-01
95266dbfb7e20354baba07964dac78d5,1,bb7181410b4e02f93f3697f765db53c7,855668e0971d4dfd7bef1b6a4133b41b,2018-01-26 08:07:31,129.99,57.58,2026-01-01
955e2b622db1a1f4031ef035ce9a861f,1,bc74f63361c15c1a5baa5b97ac432e62,4869f7a5dfa277a7dca6462dcf3b52b2,2018-01-23 03:34:29,199.00,12.89,2026-01-01
955ea2e3177592d909296220d7fcdebd,1,079189201e6c6f0b0f70d118fff53fd5,edb1ef5e36e0c8cd84eb3c9b003e486d,2018-06-12 11:15:21,394.65,24.47,2026-01-01
95a74a28d622001aafb5dd088ea0d88c,1,5a76b277c6c31033b89362512fb80274,d1c281d3ae149232351cd8c8cc885f0d,2017-11-24 14:25:26,37.99,12.69,2026-01-01
95bf775f5db872acb7ac9cf5cdbbc292,1,fd939dd54384f5681c327919e8f6a1b8,3d8fa2f5b647373c8620330c4e077a9f,2018-07-23 12:10:11,36.00,12.91,2026-01-01
95cf9f239f724799131f7ca949209bd9,1,7a295e6687ed3e00c8143498115f6ca5,2e1c9f22be269ef4643f826c9e650a52,2018-05-29 09:16:24,89.49,8.39,2026-01-01
95d9d2979d40161be87292ff88563cba,1,634256dbcd184b3757ffd7632c9fe52a,42b729f859728f5079499127a9c2ef37,2018-06-17 23:53:58,24.90,7.39,2026-01-01
95d9d2979d40161be87292ff88563cba,2,634256dbcd184b3757ffd7632c9fe52a,42b729f859728f5079499127a9c2ef37,2018-06-17 23:53:58,24.90,7.39,2026-01-01
95e42e6aaf6264cd3e77c06b32dc3003,1,6c4d1dce076249f2314ac8f3fc3cc7d1,6560211a19b47992c3666cc44a7e94c0,2017-11-30 10:51:26,85.00,7.85,2026-01-01
962debbd5f682617761de8b0f7789bc5,1,45cfee87da128a8f939226bedd92a72d,718539d38d07dd351c76db862760e2e2,2017-06-13 08:55:16,32.64,15.10,2026-01-01
965c963c874eedc47cd261cbe057121b,1,83aae8023b8feda53259f63e0ec06390,715bbd5ba4e6b74cb0d2f29eb45058b0,2018-06-19 20:18:50,89.90,34.39,2026-01-01
96f182413ae321e91ee91f3e422c6416,1,4e0d01d5e5e4bd454e71e7cd1491c052,a416b6a846a11724393025641d4edd5e,2017-03-21 15:54:53,76.49,15.30,2026-01-01
974c1993ab8024d3ed16229183c2308d,1,5e2ba75ad255ff60b1c76c5bf526ae9b,f84a00e60c73a49e7e851c9bdca3a5bb,2017-02-24 11:45:39,69.90,14.66,2026-01-01
97c6f98cd025659444b815df5050d8d7,1,477dae843da64019d49703a91abfbd33,b05b432bf68945d4d9783f9e3ca29ee8,2017-09-19 17:55:29,149.90,14.07,2026-01-01
97d3d89c5b932c10e6d3d4d8c2ba7dd3,1,077599a82ee54960bc4f4c941b0d1359,900ba814c251a692506d7834c1218441,2017-11-30 19:31:49,125.02,12.83,2026-01-01
97fdf3115437c18e71138bdaa80ec60b,1,34d6306314a47fe15c1efdbc23302020,229c3efbfb0ea2058de4ccdfbc3d784a,2017-08-02 11:25:23,69.00,12.61,2026-01-01
9855054362f487c4f25172bd0b8a44cf,1,5c134d92a99c77b568ae488b28a04c45,06e5eefc71ec47ae763c5c6f8db7064f,2018-08-17 17:04:00,112.01,15.88,2026-01-01
9885fff91f7c807525f8320e5292a3db,1,6906f6d2bb318a3cbb5351653e93ceb4,6ec1a01e866584bb679eb9b098345919,2018-01-17 02:48:39,126.99,29.68,2026-01-01
989225ba6d0ebd5873335f7e01de2ae7,1,6b64362e89896be7589621df54be089e,77530e9772f57a62c906e1c21538ab82,2017-12-20 13:54:13,49.00,14.10,2026-01-01
98cc17e56c367cbbe628aca0bbf9f08e,1,11566035935b80d02a0c8a261546610b,bccf933e006e9b94a6184af782963e77,2018-01-11 21:49:26,38.99,15.10,2026-01-01
98e54ac24cb241c366307ed88ae84902,1,00d2add85b1f5aba6bb3d5d977314e25,37dd29b36c458d82f74a953c40c43645,2017-11-30 12:31:45,355.79,44.86,2026-01-01
99fa6518deac14b2890b49d1645d64be,1,33cf505f7d94c2283766b8b1b13ef3cd,d1c281d3ae149232351cd8c8cc885f0d,2017-12-07 09:34:25,81.99,13.59,2026-01-01
99fe1f54d97630a40c549779ea00e8c9,1,f1d3e7a4605f6cd5f2a3cf9bde5c7845,062ce95fa2ad4dfaedfc79260130565f,2017-05-23 21:45:16,189.90,17.09,2026-01-01
9a40a61b2f04271f655c7423a3fb82a7,1,cac9e5692471a0700418aa3400b9b2b1,7ea5bfa6c340f58f8e71fc1f0412b0d6,2018-04-04 08:27:08,115.00,15.69,2026-01-01
9a886ac42ca6eb5571fbdd1bdd8be02e,1,89f055104adb9365d7f7b5c475f77742,6b15924333bd1a741595fe981ea04822,2017-04-20 00:34:00,26.90,10.96,2026-01-01
9b2fa9acfe395734a133a58bcbfb9776,1,2873da054c3a30189c5aac7b87d3b6e9,42fa4ee7240e9b8eb4576358ec142ba7,2018-05-02 01:15:08,185.00,19.76,2026-01-01
9b2fa9acfe395734a133a58bcbfb9776,2,00ae7076313576f94d9107599d79a978,2745f798279e0ed033addcc1474776d7,2018-05-02 01:15:08,89.90,23.71,2026-01-01
9c1becadc6a0c6445eb02167b8d1bbff,1,5038cd913f549498c7e7251739050b0e,537eb890efff034a88679788b647c564,2017-09-14 11:05:18,19.90,16.79,2026-01-01
9ceb8ab5165cefecdddb546cb5a6362b,1,d9235fea02ba3f9fafcd78d898ac4355,dee656f0f566ed1aa85bd137c943f08f,2018-02-12 17:30:51,120.00,18.09,2026-01-01
9cf566da5a3277749dbd61fa060e8110,1,331e79a28ee5afbb321a3146653085f2,7c67e1448b00f6e969d365cea6b010ab,2017-06-08 13:05:34,159.99,45.58,2026-01-01
9d047c83463a30fcc3f2b361d9a33d2f,1,aea8161ed6bc3b11628cd393fd03486a,e5a3438891c0bfdb9394643f95273d8e,2018-04-12 19:30:14,28.70,18.23,2026-01-01
9d48a2dfef2e0cb6155f816b9bf8489c,1,ac85747ff00cf2a5cb1ef0901c7b21af,8b321bb669392f5163d04c59e235e066,2018-06-03 22:30:49,12.65,7.39,2026-01-01
9d513821c0477231fc7c1bfd684d13d8,1,fd424396761d9e1609c5516b7d8ce17b,8581055ce74af1daba164fdbd55a40de,2017-02-24 21:31:59,80.40,15.67,2026-01-01
9d513821c0477231fc7c1bfd684d13d8,2,fd424396761d9e1609c5516b7d8ce17b,8581055ce74af1daba164fdbd55a40de,2017-02-24 21:31:59,80.40,15.67,2026-01-01
9d531c565e28c3e0d756192f84d8731f,1,807b2de93dbb064bbc82dc6ac963bc61,903037660cf848a717166eb7a06d616e,2017-12-06 20:57:24,25.99,14.10,2026-01-01
9db49839ad325c2bf4303df727694be2,1,39aa98469aa7460a9764311b3f8efb12,391fc6631aebcf3004804e51b40bcf1e,2017-09-26 02:24:49,45.95,16.79,2026-01-01
9dc8d1a6f16f1b89874c29c9d8d30447,1,a2ff5a97bf95719e38ea2e3b4105bce8,0015a82c2db000af6aaaf3ae2ecb0532,2017-10-18 14:49:22,895.00,21.02,2026-01-01
9dc9f2ae74e006656a3312dd31e76b5f,1,fb6782985a98aa8a59238f58239f6f1e,955fee9216a65b617aa5c0531780ce60,2018-02-22 00:26:32,79.99,20.05,2026-01-01
9defaf92cff22420e4e8ef7784815a55,1,cf944645d4ff2a3eed3ae17f641ea861,a6fe7de3d16f6149ffe280349a8535a0,2018-05-23 13:30:30,49.90,12.79,2026-01-01
9e5e54c4be8f6625005c76b7f8801ee8,1,2ea92fab7565c4fe9f91a5e4e1756258,3d871de0142ce09b7081e2b9d1733cb1,2017-04-06 11:42:29,69.90,17.23,2026-01-01
9f035a4126d6f9cf43447e9b8eb6abae,1,362e37b5c8826ef516a607cb5f99b8f1,6d66611d7c44cc30ce351abc49a68421,2017-09-26 11:50:10,229.90,65.10,2026-01-01
9f2da077d2d1eb6e8abcacef8776e941,1,5e3555ed62835dd67704d40a72678cfd,bbad7e518d7af88a0897397ffdca1979,2017-11-03 21:46:29,39.90,14.10,2026-01-01
9f2ff91a3b8c4c34b7847c9c68971cfd,1,d2c7a1e57b8f3e74095798f867334b36,6560211a19b47992c3666cc44a7e94c0,2018-08-28 10:10:20,49.00,1.39,2026-01-01
9f2ff91a3b8c4c34b7847c9c68971cfd,2,24820a1196d38b337b214cbe699410ed,6560211a19b47992c3666cc44a7e94c0,2018-08-28 10:10:20,55.00,13.85,2026-01-01
9f882c1f904b7dd156572ada58d7a7ae,1,ca92f5c2276bfd491db575cd9de5a70d,7142540dd4c91e2237acb7e911c4eba2,2017-11-29 10:15:29,84.90,17.84,2026-01-01
9faeb9b2746b9d7526aef5acb08e2aa0,1,f48eb5c2fde13ca63664f0bb05f55346,f7ba60f8c3f99e7ee4042fdef03b70c4,2018-07-30 14:55:10,60.00,15.52,2026-01-01
9faeb9b2746b9d7526aef5acb08e2aa0,2,f48eb5c2fde13ca63664f0bb05f55346,f7ba60f8c3f99e7ee4042fdef03b70c4,2018-07-30 14:55:10,60.00,15.52,2026-01-01
a027919471097ed720c04340e1495e1c,1,50627d7c3dd43902d64134574befe12f,70a12e78e608ac31179aea7f8422044b,2017-12-01 00:39:37,299.00,16.84,2026-01-01
a03ad7057fae696dd18f8967826c209f,1,941fede5c398c3c84cac6e6c832c2b11,c68fb906c8f4b4b946d8386bfa6e5467,2017-06-13 19:42:11,52.88,25.21,2026-01-01
a0411a1811cf1c3c1312372cb0495c6f,1,addc4d1f7d82e1b6c5ba37d6559ac127,7202e2ba20579a9bd1acb29e61fe71f6,2018-08-23 20:50:15,179.90,13.92,2026-01-01
a062c240bb299fa3f0ce55cf05ec8390,1,b75a056d7d03227c3a3b60e9ccf518c9,3f995f07c49d0d55a99d5c54957f7d81,2018-07-17 19:10:22,59.00,18.51,2026-01-01
a06c43ed81f5c604287461f4d21949ce,1,6994675fdff4377e6e1b738094977cf4,b19f3ca2ea475913750f25a5c37c8d8f,2017-10-30 17:56:20,108.90,28.14,2026-01-01
a094215e786240fcfefb83d18036a1cd,1,5a848e4ab52fd5445cdc07aab1c40e48,c826c40d7b19f62a09e2d7c5e7295ee2,2018-02-14 19:10:08,122.99,9.06,2026-01-01
a0d5b8474423ddf55228373b81a46272,1,aca2eb7d00ea1a7b8ebd4e68314663af,955fee9216a65b617aa5c0531780ce60,2018-01-19 02:38:34,69.90,19.98,2026-01-01
a11ebb9e9f1a018eea99fe7105f2d897,1,9cb2acda8c8e56e0519fa6c974c1dc4b,4b9750c8ad28220fe6702d4ecb7c898f,2018-07-20 18:55:28,94.95,38.94,2026-01-01
a17fec30c4ce5a766edee3f4c7701c0f,1,8d29622ad4b816113fa721f21af4f667,392e0502231ae2f8b29994ef6398cd77,2017-04-03 19:25:18,49.90,14.52,2026-01-01
a1ba9164e568e28f6977c343fb78e9b1,1,6109d0cae3bcb57d579bc0fab6e61814,dbc22125167c298ef99da25668e1011f,2018-03-15 22:28:09,72.40,15.36,2026-01-01
a236ae70310b60403c3adac81f96d5e6,1,19c91ef95d509ea33eda93495c4d3481,06a2c3af7b3aee5d69171b0e14f0ee87,2018-07-23 00:35:16,122.99,63.11,2026-01-01
a2ea081c06c12c25c068089e4985745a,1,53b36df67ebb7c41585e8d54d6772e08,7d13fca15225358621be4086e1eb0964,2018-05-10 09:39:09,110.00,0.00,2026-01-01
a2fc0d6559cd85b95e1a02c8d97d55ec,1,52d9fae94c2e139cde2318ee1e3a9d1f,f262cbc1c910c83959f849465454ddd3,2018-04-24 10:11:00,19.99,7.39,2026-01-01
a33e52fbf9a20b226a588f30d9aab612,1,4a25d757ff72fad7534f478c90be77e6,92eb0f42c21942b6552362b9b114707d,2018-01-17 18:49:22,12.98,15.10,2026-01-01
a3a3b0aaa23eddcb93f63fad71f13391,1,9ac56c8e557ff9cf308163daeda7b26b,6d22a1fcebb6dd08c9cd90b92a93e8d0,2017-09-18 08:30:25,46.90,26.89,2026-01-01
a4163ebff79ff34a631c57d5350215ae,1,b61a33788606a4ce2fda0452722283d1,d2e753bb80b7d4faa77483ed00edc8ca,2018-04-04 21:27:23,97.00,51.18,2026-01-01
a41753c6a1d8accb89732e36243432d7,1,e3e020af31d4d89d2602272b315c3f6e,94144541854e298c2d976cb893b81343,2017-05-18 11:05:13,29.90,15.79,2026-01-01
a4591c265e18cb1dcee52889e2d8acc3,1,060cb19345d90064d1015407193c233d,8581055ce74af1daba164fdbd55a40de,2017-07-13 22:10:13,147.90,27.36,2026-01-01
a4b79dbc2ad1b141dcc00a17f2450a11,1,bae07c7efc89a25b04daff4b11b7d853,2d50d6282f8aa2257819a77bfaa0efe0,2017-10-18 21:36:27,85.00,15.34,2026-01-01
a5474c0071dd5d1074e12d417078bbd0,1,1f75be631e988bb0ad750e60e18d043b,fd386aa7bed2af3c7035c65506c9b4a3,2018-08-03 02:50:15,13.99,7.39,2026-01-01
a57a5bbb57b15b49050bc6a58a2f240e,1,3e086c8507756d8b53e4b0f676e7f42d,1838dd9b8977065acf51d95e0053ea7a,2018-01-23 10:10:03,39.90,9.09,2026-01-01
a678d97aa95d0393384c211a82455e50,1,23365beed316535b4105bd800c46670e,92eb0f42c21942b6552362b9b114707d,2017-06-13 02:30:13,16.50,7.78,2026-01-01
a685d016c8a26f71a0bb67821070e398,1,ebd7c847c1e1cb69ec374ae0ebee1f4c,391fc6631aebcf3004804e51b40bcf1e,2017-03-17 18:14:36,84.90,14.36,2026-01-01
a69bb719ee2c8b4a25bf1a1a5f3ae686,1,5e1fd83e9a7c4730ccc806c248ca0720,03a2a6dcbe45d639c4dc2a0d24769c40,2018-06-19 09:57:08,99.90,9.45,2026-01-01
a6aeb116d2cb5013eb8a94585b71ffef,1,163e6400e6dadd0fe04775c5e9331fda,855668e0971d4dfd7bef1b6a4133b41b,2017-09-19 14:44:39,50.00,9.34,2026-01-01
a6cd683d4bd3b9b1f0aa37b27f8116d3,1,721b56b7d205d6750e97716593bcb370,5c243662ce92d84573bfaff24c3e3700,2017-02-03 23:45:53,589.90,20.00,2026-01-01
a7076e7aba13de8b66d95a55811290ed,1,10d9c039b5dcb3b2a4a4fd507fd187a0,7ad32824caee82087b3e2e5f33b1bf32,2018-05-21 04:30:42,39.00,12.79,2026-01-01
a7cd6af6e0519313887b3c3a120f20ca,1,4b703444923b5e57bb73ba343f5ebab7,42b729f859728f5079499127a9c2ef37,2018-05-03 12:11:18,35.90,7.39,2026-01-01
a82922658c32130591989ddab7111ed6,1,6a162a899a815ed15db1689e8efc976c,b94cc9f10ddc85e4ba73a6f7974e7101,2017-11-08 09:45:18,599.90,17.79,2026-01-01
a840a7a89e3d9137358eb7b9408681fe,1,ff922797a6771cab4e0c51d482285ec3,062ce95fa2ad4dfaedfc79260130565f,2017-03-15 22:17:49,289.90,15.80,2026-01-01
a865adb8bec2475e30e835eaf1b9e7d6,1,16078eb07519685083510f372565ddc7,eb4df17aed01d918c65f0f8d650900c0,2018-05-11 10:53:01,318.98,20.11,2026-01-01
a87f63f16c37c383775f476c6f22b635,1,5538ed283fd2d0e2a1151507e1cbd59c,4da0e408c99d2fdc2126dc9fce518060,2017-01-18 15:42:20,28.00,17.78,2026-01-01
a890088df39d4c062a07081527034784,1,4fe644d766c7566dbc46fb851363cb3b,c31eff8334d6b3047ed34bebd4d62c36,2018-02-27 18:55:31,110.99,14.17,2026-01-01
a910f58086d58b3ae6f37aa712d377b9,1,75d6b6963340c6063f7f4cfcccfe6a30,cc419e0650a3c5ba77189a1882b7556a,2017-09-22 09:35:18,56.99,15.84,2026-01-01
a910f58086d58b3ae6f37aa712d377b9,2,75d6b6963340c6063f7f4cfcccfe6a30,cc419e0650a3c5ba77189a1882b7556a,2017-09-22 09:35:18,56.99,15.84,2026-01-01
a98012aa8c697f2bcff9f8c2183e0f2b,1,c5cb254d666e4420d56b5dc67ff59d29,52f0fe436a347ddad7ed5f9aa4e27eaa,2018-05-17 23:11:49,8.99,23.51,2026-01-01
a98012aa8c697f2bcff9f8c2183e0f2b,2,c5cb254d666e4420d56b5dc67ff59d29,52f0fe436a347ddad7ed5f9aa4e27eaa,2018-05-17 23:11:49,8.99,23.51,2026-01-01
a98012aa8c697f2bcff9f8c2183e0f2b,3,c6e513054b982283c1cbbb2a45d02d83,f8db351d8c4c4c22c6835c19a46f01b0,2018-05-15 23:11:49,22.90,0.78,2026-01-01
a98012aa8c697f2bcff9f8c2183e0f2b,4,c5cb254d666e4420d56b5dc67ff59d29,52f0fe436a347ddad7ed5f9aa4e27eaa,2018-05-17 23:11:49,8.99,23.51,2026-01-01
a98012aa8c697f2bcff9f8c2183e0f2b,5,643a66b1dc5dad3de6cb5a41549e72f1,cb6c9f5888a7a090c75beaf615925792,2018-05-17 23:11:49,29.95,7.84,2026-01-01
a9b151f0c0471d9b2534fa73c9c0e123,1,fc5043902812d122c4e80113ff924c1b,3d871de0142ce09b7081e2b9d1733cb1,2017-03-15 16:18:47,159.90,46.61,2026-01-01
aa2e81559d88cca16ac122e7627078c8,1,035a4019c8009b57768aa3c1e1ad63a3,82e0a475a88cc9595229d8029273f045,2017-03-31 14:15:21,99.00,26.43,2026-01-01
aa466a92af916f9f68e56fce7d3a21b1,1,4f84ff0aab6b53675317e34f2406ea99,52f9db5cfb423382a2fa5c9e39303202,2018-07-05 01:30:35,139.99,19.08,2026-01-01
abc5ec9ecaec740b498a37f19c29a8c0,1,303719bf7adc0897358c3dcc3c7a6190,bacb1f0ed56ad24198f5810d2b3fe9a5,2017-05-04 22:55:09,119.90,21.16,2026-01-01
ac244956f757aeeb76242334254bf9a5,1,4eeb3431ff29b8867d4f7b817c298a81,4e922959ae960d389249c378d1c939f5,2017-07-21 19:03:33,75.00,15.28,2026-01-01
ac2b7c522d811acba0aa270ed3e112e4,1,4632bc49b300378ed4f1d48f424d414e,ed859002ad59dbf8cf3602696a6c3000,2016-10-10 15:44:27,294.90,20.34,2026-01-01
ac64f79a33bfa575fc5a17e7926df3d5,1,bd9fca6bf4bdcbf4094d7bc11415dfe5,ba90964cff9b9e0e6f32b23b82465f7b,2018-04-06 17:55:24,1099.00,20.60,2026-01-01
ac71263052acddd3b2031b5937f8fc30,1,349ce46a0e2e20054aa9d80c48af8816,d6b1ce66b035a475f00c017792ff9769,2018-05-02 22:10:25,120.00,13.28,2026-01-01
ac7a92560a9e99f0a0ab4988102f491b,1,4ab7490d3e55de79cae5fc88e1657276,b2479f944e1b90cf8a5de1bbfde284d6,2018-03-08 16:10:35,89.99,17.88,2026-01-01
ac85808794ef111b4689bbdb5ea7f2c9,1,5d66715cc928aadd0074f61332698593,128639473a139ac0f3e5f5ade55873a5,2017-11-17 12:26:49,19.90,16.79,2026-01-01
acbe07f22f29ad7e5a78f30008cc6ec7,1,c0e452663c284f3f8e578f390dc3ab21,65a7c0788e4d632ccb5e1b594b87f0bb,2017-11-27 19:06:16,19.30,11.73,2026-01-01
acbe07f22f29ad7e5a78f30008cc6ec7,2,c0a0b5aa4507363e601eb90082c9c008,65a7c0788e4d632ccb5e1b594b87f0bb,2017-11-27 19:06:16,19.30,11.73,2026-01-01
acbe07f22f29ad7e5a78f30008cc6ec7,3,262855d4dd5b0d39f786a3c86c285c6a,65a7c0788e4d632ccb5e1b594b87f0bb,2017-11-27 19:06:16,19.30,11.73,2026-01-01
acbe07f22f29ad7e5a78f30008cc6ec7,4,7d873ae7ba4e637167c1a8d544bd6af8,65a7c0788e4d632ccb5e1b594b87f0bb,2017-11-27 19:06:16,19.30,11.73,2026-01-01
acce194856392f074dbf9dada14d8d82,1,d70f38e7f79c630f8ea00c993897042c,977f9f63dd360c2a32ece2f93ad6d306,2018-06-13 00:35:10,90.90,48.64,2026-01-01
acce194856392f074dbf9dada14d8d82,2,9451e630d725c4bb7a5a206b48b99486,d673a59aac7a70d8b01e6902bf090a11,2018-06-13 00:35:10,39.50,48.64,2026-01-01
ad21c59c0840e6cb83a9ceb5573f8159,1,65266b2da20d04dbe00c5c2d3bb7859e,2c9e548be18521d1c43cde1c582c6de8,2018-02-19 20:31:37,19.90,8.72,2026-01-01
ad2b0f4fd912cd3c834e5976c46b75b7,1,f5c0c21094c05855d475bc3890adb6dd,1fdc574883ef3b33ad41562d93f3a74a,2018-05-10 11:31:20,335.00,10.46,2026-01-01
ad7ddb009f1bcd6c40cb1106471c292c,1,06c950c36d589b39b34f5dc1d4a75e29,edb1ef5e36e0c8cd84eb3c9b003e486d,2018-07-20 16:30:22,480.65,21.47,2026-01-01
ae17bb94dfb3eaf396cd393eace1de80,1,47969dd948e918289f809be899ddfb4c,014d9a685fd57276679edd00e07089e5,2018-03-15 16:30:39,43.99,13.47,2026-01-01
aeb4c9d05ab11d7c6c9ca24f8c43bd70,1,ac480ada5f06d9024eae2c6dd9de4c74,4e06067cc08b3f41d837768d392c3ee3,2017-09-27 14:44:35,7.00,15.79,2026-01-01
af42887f85d980291a066176c4d13709,1,e1bf73a530f7e6ea9df12e1238ab7600,827f8f69dfa529c561901c4f2e0f332f,2017-06-26 10:35:28,35.90,14.10,2026-01-01
af42887f85d980291a066176c4d13709,2,f39288f58793ce5e6985b3f7832af88c,827f8f69dfa529c561901c4f2e0f332f,2017-06-26 10:35:28,35.90,14.10,2026-01-01
af500adf58ab55b8bdd27be8cf81aeba,1,89b121bee266dcd25688a1ba72eefb61,2eb70248d66e0e3ef83659f71b244378,2018-06-01 09:30:58,79.90,15.44,2026-01-01
af5b0604e113e1526593d505a26ef39d,1,978859c6048ded0fa8bf3b9ea8236387,813348c996469b40f2e028d5429d3495,2017-10-04 12:26:02,19.90,8.72,2026-01-01
af66c46c49bdb3bf2f862efb1eb67d81,1,f1d116eef76f1c526a5f2c5ce1daeaeb,cd68562d3f44870c08922d380acae552,2017-07-27 19:25:18,48.00,11.85,2026-01-01
afe207b8795179c5b29bc4c2f0052178,1,cfe6e9c01d0bbb5df9a75f0e3286baa9,1d8dbc4f32378d715c717c1c1fc57bae,2017-12-07 04:38:45,110.00,14.50,2026-01-01
b01875821b8dcb6abc61776f0f971bce,1,a6ad77b15e566298a4e8ee2011ab1255,1025f0e2d44d7041d6cf58b6550e0bfa,2017-12-01 00:38:17,31.80,39.28,2026-01-01
b01875821b8dcb6abc61776f0f971bce,2,a6ad77b15e566298a4e8ee2011ab1255,1025f0e2d44d7041d6cf58b6550e0bfa,2017-12-01 00:38:17,31.80,39.28,2026-01-01
b028c30dc8af213ae4c26a64446211db,1,dfb97c88e066dc22165f31648efe1312,8581055ce74af1daba164fdbd55a40de,2017-11-22 16:35:33,139.00,15.73,2026-01-01
b06112f703115e6d92f3baf4e2458a5a,1,f40876e0ef3cd5f9132b1f16b04b1346,620c87c171fb2a6dd6e8bb4dec959fc6,2018-03-13 12:29:55,109.90,10.97,2026-01-01
b06112f703115e6d92f3baf4e2458a5a,2,f40876e0ef3cd5f9132b1f16b04b1346,620c87c171fb2a6dd6e8bb4dec959fc6,2018-03-13 12:29:55,109.90,10.97,2026-01-01
b0928556a10706af462ca2ab2c91903b,1,59a5c66f3c04b01ccdb9362174f6ecdf,a56a8043ebf66e42119618fb8cf232c6,2018-08-08 22:35:17,83.00,23.73,2026-01-01
b0ff8ff92f8d916fa2e8005cd8e1a135,1,b6e352d888ba31d8999af279cd63aa24,f61c63d13f7cd800549d5acdd390ae72,2017-11-28 02:58:38,59.90,13.44,2026-01-01
b16cec67cb3f5a4bb31abe8988b43d19,1,17efcba3c09566b89c945ef563f381d2,3f9c56764fabca627406093dcb3ef0b4,2018-03-30 09:28:24,129.90,11.77,2026-01-01
b1b5b604a5e207c764779ffb50527018,1,a9008450835cd38eabdf07eb6dd04bdd,f4a04f7be452aa3bb31760bf00055dd0,2017-11-22 02:15:40,104.90,13.07,2026-01-01
b23b43e19386862a7c0aaa27c80e782f,1,926d11f0e2a1171fed968faf5caa8f92,0bb738e4d789e63e2267697c42d35a2d,2018-04-20 12:55:32,44.90,11.86,2026-01-01
b26eb89dfb4e2d970274ef0c668fd43a,1,79d2c1de4aaac73cf031b5e1f03a68aa,670c26e0f1bf8d0576271d5cfaec6d2b,2018-03-22 20:15:37,55.90,13.51,2026-01-01
b276e4f8c0fb86bd82fce576f21713e0,1,c6c1f263e076bd9c1f1640250a5d0c29,fe2032dab1a61af8794248c8196565c9,2018-08-02 23:45:15,179.00,9.41,2026-01-01
b2908d9328eb32bdb9b7ac1e197c05fe,1,06edb72f1e0c64b14c5b79353f7abea3,391fc6631aebcf3004804e51b40bcf1e,2017-11-08 12:28:41,45.95,15.10,2026-01-01
b2bd1f09c1b8a4a36940f6f6e49d5dec,1,eef7436637ac87cad6bf5108284c3413,b33e7c55446eabf8fe1a42d037ac7d6d,2018-02-08 16:31:38,199.00,16.14,2026-01-01
b2ce866408709e3ba155f339e97b8405,1,286bcf62e47dfc1e51cf0d525bd4d1bf,9e6229250fedbe05838fef417b74e7fb,2018-05-10 00:13:52,199.90,27.48,2026-01-01
b2f3763408103bc7173bb36ed02dbeea,1,1b88c133317c3f2b8c53b6048f2dc8b6,54965bbe3e4f07ae045b90b0b8541f52,2018-06-07 22:55:45,359.90,42.59,2026-01-01
b3206cf64b7cd1480a6c6f9912b20666,1,7bbe91ccbf899dc40a38d012a4dc411f,23d7c96d4a1160db1c726b248601b25a,2017-09-19 20:44:14,179.90,17.97,2026-01-01
b323a1bf3949211f3d9fbc43772534e6,1,3fbc0ef745950c7932d5f2a446189725,06a2c3af7b3aee5d69171b0e14f0ee87,2018-05-11 17:56:21,64.99,37.14,2026-01-01
b335cf4d393acc627b82e83b3b3711fe,1,f8d86453c62a01cc2920531c0bdf194d,7ad41305e96a6cab8294cd65891e9a86,2018-06-19 02:32:22,60.00,23.22,2026-01-01
b34523b3a1e3a1ad856985080738c879,1,c8fade3c4ba064e104828c4ad4461178,da8622b14eb17ae2831f4ac5b9dab84a,2017-09-22 01:15:10,279.90,19.85,2026-01-01
b3ceb7d2c66651bd0f6531ffba8745fb,1,25f86162fee18735fffdb762dcb10d7c,1a3df491d1c4f1589fc2b934ada68bf2,2017-09-15 05:04:40,159.90,23.99,2026-01-01
b3e2b81932a8bc32dfffd128937c3c5e,1,952670bc019a73f0933157ec82ff6e4f,37be5a7c751166fbc5f8ccba4119e043,2017-07-12 17:20:14,205.00,15.04,2026-01-01
b3fb87dd5ffb58351fd40c4f9fe03cdf,1,d3e1006ba3735c0d44160026b6e0ced3,c003204e1ab016dfa150abc119207b24,2018-06-25 00:54:46,108.90,11.78,2026-01-01
b417d44c131fe6470b3226c7b59f6a8f,1,59a6f4180469806670de7814d503202e,aafe36600ce604f205b86b5084d3d767,2017-12-29 15:58:25,59.90,15.18,2026-01-01
b436fd24a04e7267307e1d900faa8eb1,1,03078714f1e3f3758555f67ff35b4b01,594f9aaa48e5bf431f011ddc5669b0d5,2018-06-07 13:09:18,39.90,22.85,2026-01-01
b52cc4919de82b4d696a4380d10804a3,1,7564c1759c04fc0a38f2aa84f7a370ee,6860153b69cc696d5dcfe1cdaaafcf62,2018-06-19 02:30:26,42.99,12.03,2026-01-01
b52d29abb97a3978df1d8922bfe36fbe,1,5f42d57952b7815098979a5c4fa6f82a,c70c1b0d8ca86052f45a432a38b73958,2018-05-11 17:30:50,110.32,17.16,2026-01-01
b52d29abb97a3978df1d8922bfe36fbe,2,6463e442310f2f4f321c83a32d8c662b,4be6b962d83299498bae2190f95d6566,2018-05-14 17:30:50,138.90,17.16,2026-01-01
b5ae10bf67afb6e14718789096f22787,1,0546131238f7e9d6b5c24dbb5d8e3133,f7ba60f8c3f99e7ee4042fdef03b70c4,2018-08-14 19:45:23,1045.00,30.12,2026-01-01
b5e23127e5bc161906c1d23be69f7e16,1,2dc2efef0bbccb4ea53e2a21cdd52dc7,adbc26658d6c7b4b6219f9d934598091,2017-11-20 16:56:00,130.00,17.16,2026-01-01
b60b53ad0bb7dacacf2989fe27ad567a,1,2b80e83f77008f81ae402882631eba97,aba1721a889e04decc910aa13b768ef4,2017-05-16 14:15:14,292.00,9.30,2026-01-01
b616f638cd86d92c7cbd06cf7484ee34,1,d2f5484cbffe4ca766301b21ab9246dd,36a968b544695394e4e9d7572688598f,2018-05-25 16:56:50,12.88,7.87,2026-01-01
b65067f5a1e9e4aea30dae0dc505119b,1,426844dd9ed9ae105a5d4b3f1e18becc,2ea0861cc19e94cad86438c984c52da4,2018-05-24 13:06:52,24.60,7.39,2026-01-01
b68d69564a79dea4776afa33d1d2fcab,1,bffdb7d6bdb994823039ac983d6d30ec,f5f1f2c5f923f36ad79ea1d07185ddc9,2018-03-06 10:11:11,245.90,16.47,2026-01-01
b693d6c35867fa1937455e04f2547df2,1,d3a45de279a0bde9b598a181bd2a9815,0432ead42b6c8a0bdf68154add917fdf,2017-05-17 09:25:21,94.90,14.41,2026-01-01
b6a50dc1cfeb4ad7219d3577ab9a2454,1,0f0c4960b05d6145bbb4b348423503ef,edf96ef93ed595084bbcbd9224bd2894,2017-09-08 02:15:13,51.00,19.60,2026-01-01
b6b3633f97c686d8e188ac6fa29ff20d,1,de89f330c497e12d2510c2cd2a48a29f,240b9776d844d37535668549a396af32,2018-08-06 13:04:20,679.00,19.85,2026-01-01
b75b4f6e7c5fe3fa05707992a88d9d38,1,de170bfa7e0f492c75a0f270fc44f629,11742f81550ac064cc9a40f67151d9ad,2018-08-09 14:31:41,412.00,24.70,2026-01-01
b7a4a9ecb1cd3ef6a3e36a48e200e3be,1,41171e11f920c47deb1809edda2bf09d,c42fd8e4d47dfb18ce5222f2dd7752f9,2017-05-30 11:35:41,26.00,15.10,2026-01-01
b7e4aca3e798d20643faacb681272a9c,1,7d935f57cbfeccf7e6952dd286c3eba6,fa1c13f2614d7b5c4749cbc52fecda94,2017-10-18 18:46:20,154.90,17.52,2026-01-01
b7ed5b357d48b6c8f588c5cf0d7ddf5d,1,9565229244e9341fb8c8069879cf73cd,da8622b14eb17ae2831f4ac5b9dab84a,2018-03-15 00:00:30,149.90,23.63,2026-01-01
b8801cccd8068de30112e4f49903d74a,1,154e7e31ebfa092203795c972e5804a6,cc419e0650a3c5ba77189a1882b7556a,2017-08-08 03:25:08,19.99,7.78,2026-01-01
b88d7ae9bd78eac18e8b6ceb04695fb8,1,a35a9f46dcee0a67c8c7ad8493eb4135,85d9eb9ddc5d00ca9336a2219c97bb13,2017-07-23 22:10:20,31.90,14.10,2026-01-01
b8bfafcbe46deea4900feeffb2d6afaf,1,79f6572780845bf4fa186acf04e4f67a,04e38a233f726ef161074ab1c9b0399a,2018-01-25 18:20:43,27.90,15.11,2026-01-01
b8bfafcbe46deea4900feeffb2d6afaf,2,79f6572780845bf4fa186acf04e4f67a,04e38a233f726ef161074ab1c9b0399a,2018-01-25 18:20:43,27.90,15.11,2026-01-01
b8c38cf37cd17fd645f2e84101c8a679,1,3487b8d662448326a09da14416640170,d20b021d3efdf267a402c402a48ea64b,2017-09-03 22:55:20,29.90,16.11,2026-01-01
b8c38cf37cd17fd645f2e84101c8a679,2,ba37ce1b5e0638cf45fd59f63ada0093,d20b021d3efdf267a402c402a48ea64b,2017-09-03 22:55:20,29.90,16.11,2026-01-01
b8c38cf37cd17fd645f2e84101c8a679,3,c22dc992a198753e51e4a25f83957b9b,d20b021d3efdf267a402c402a48ea64b,2017-09-03 22:55:20,29.90,16.11,2026-01-01
b92fa055c4f004d4ae52eccce4efbe5f,1,74939659dbb10592e383bebf2f78272c,1835b56ce799e6a4dc4eddc053f04066,2018-02-28 15:08:42,29.99,12.69,2026-01-01
b9383cd99539eb0ccb11ab1a62bd0621,1,5f63102603ddd84556a92387a9821ea7,31561f325664a8a7aba4c8d0c3a9b3db,2018-08-06 20:50:19,59.90,18.52,2026-01-01
b9afddbdcfadc9a87b41a83271c3e888,1,703d742887bb9267f89b675608ba7aa0,640e21a7d01df7614a3b4923e990d40c,2018-08-20 14:05:13,56.10,19.58,2026-01-01
b9f23a5c0cbae81d8a326804b0c7513d,1,033c52084417b98d716d863d8bd11fba,25cf099de44674fde97473224f9d59ab,2018-02-27 07:27:16,50.00,15.10,2026-01-01
ba4ddff2b9082f079de9a84d7a5605fd,1,58a84286399d234f7234d54d9daf6418,a416b6a846a11724393025641d4edd5e,2018-01-24 09:38:30,52.39,13.08,2026-01-01
ba863950726dd067d21b2262ab48df78,1,d65b6607952f9e0d705b1cbdc92ac027,48436dade18ac8b2bce089ec2a041202,2017-10-26 14:49:15,46.90,13.23,2026-01-01
bac5dc94cc5dbf0810f1919c2aac13cd,1,8cc8c4d7141c82262576156f95ff3907,850f4f8af5ea87287ac68de36e29107f,2017-07-13 17:45:18,69.90,9.34,2026-01-01
bb27f9e70d5cdc66d0c616aee3dbb387,1,e090b9bd2ef7d60d3b0ee3399c79ee3d,1c68394e931a64f90ea236c5ea590300,2017-12-21 00:52:19,235.92,13.78,2026-01-01
bb27f9e70d5cdc66d0c616aee3dbb387,2,e090b9bd2ef7d60d3b0ee3399c79ee3d,1c68394e931a64f90ea236c5ea590300,2017-12-21 00:52:19,235.92,13.78,2026-01-01
bb2dfe6031f35f7abc9a3c7dad5e4467,1,b68cf84ede4fd1e14b1740de5b727d55,e24fc9fcd865784fb25705606fe3dfe7,2017-01-26 14:09:03,636.00,15.84,2026-01-01
bb2e64c3040ceb9b7ca2bfc602adca08,1,96d1c06692244e2fed6e1f9aa9552770,00ee68308b45bc5e2660cd833c3f81cc,2017-11-09 11:25:22,62.00,2.34,2026-01-01
bb2e64c3040ceb9b7ca2bfc602adca08,2,96d1c06692244e2fed6e1f9aa9552770,00ee68308b45bc5e2660cd833c3f81cc,2017-11-09 11:25:22,62.00,2.34,2026-01-01
bb2e64c3040ceb9b7ca2bfc602adca08,3,96d1c06692244e2fed6e1f9aa9552770,00ee68308b45bc5e2660cd833c3f81cc,2017-11-09 11:25:22,62.00,2.34,2026-01-01
bb2e64c3040ceb9b7ca2bfc602adca08,4,96d1c06692244e2fed6e1f9aa9552770,00ee68308b45bc5e2660cd833c3f81cc,2017-11-09 11:25:22,62.00,2.34,2026-01-01
bb3b61a129aba9eeb10bb81a4770f3b1,1,7814c273ab16783d73a9863ebfa8b141,1025f0e2d44d7041d6cf58b6550e0bfa,2017-09-19 13:50:16,229.00,43.80,2026-01-01
bb4f0c21ae6014e40ef007ff6fbcbeb9,1,0768657d39e02ff11e1a30708e010588,c458e2045a8aa8964f8879af03fdcce6,2017-02-20 17:48:56,34.99,10.96,2026-01-01
bb7c5cf4dff9994daeab7c8ee9d287aa,1,af0a99476d96dcc1a1baa7c0d9ff6b9d,04308b1ee57b6625f47df1d56f00eedf,2018-03-07 22:08:51,535.90,18.50,2026-01-01
bb90b02637daa6d6ea968529eed50699,1,d4a3ae5a2378f3e732a6d3ba73cc22e4,0b90b6df587eb83608a64ea8b390cf07,2018-02-02 10:29:22,293.50,14.18,2026-01-01
bba5aa837be7e597e91c6ddedf604cd8,1,12e479f1c2c0417147a3e36302485e30,744dac408745240a2c2528fb1b6028f3,2018-05-22 12:30:53,119.00,15.71,2026-01-01
bbd64b019b5ea3ed83a114cc665328ff,1,3f13f4fabd1eafe564af941a8ee8e279,5a8e7d5003a1f221f9e1d6e411de7c23,2018-03-14 15:55:42,59.90,9.42,2026-01-01
bc024a50e4e6ff5212d0febb0f4b4a37,1,7a9cf133da2a6494259ffeeab11b6276,db4350fd57ae30082dec7acbaacc17f9,2017-09-01 20:44:52,21.99,14.10,2026-01-01
bca3dc20a3ec02261c5b17dc270e9e65,1,617186c3d97ea56c9c683a8a3974e8c1,cc419e0650a3c5ba77189a1882b7556a,2017-12-14 02:50:38,84.99,16.35,2026-01-01
bcdbb3b243d4e882503b919785e2343f,1,1454b29e83ab2f8bf6b4102736498ff5,18a349e75d307f4b4cc646a691ed4216,2018-05-31 09:30:45,125.00,14.23,2026-01-01
bcdbb3b243d4e882503b919785e2343f,2,1454b29e83ab2f8bf6b4102736498ff5,18a349e75d307f4b4cc646a691ed4216,2018-05-31 09:30:45,125.00,14.23,2026-01-01
bcdbb3b243d4e882503b919785e2343f,3,1454b29e83ab2f8bf6b4102736498ff5,18a349e75d307f4b4cc646a691ed4216,2018-05-31 09:30:45,125.00,14.23,2026-01-01
bcdbb3b243d4e882503b919785e2343f,4,1454b29e83ab2f8bf6b4102736498ff5,18a349e75d307f4b4cc646a691ed4216,2018-05-31 09:30:45,125.00,14.23,2026-01-01
bcdbb3b243d4e882503b919785e2343f,5,1454b29e83ab2f8bf6b4102736498ff5,18a349e75d307f4b4cc646a691ed4216,2018-05-31 09:30:45,125.00,14.23,2026-01-01
bcdbca456c84595f3dadfbef9eeeaf51,1,7e0dc102074f8285580c9777f79c90cf,e26901d5ab434ce92fd9b5c256820a4e,2017-04-12 22:30:18,34.90,16.05,2026-01-01
bceafe41324f7de517b199a7b4e2a074,1,be5353e2c543ba4f67831f95d3775420,8b28d096634035667e8263d57ba3368c,2017-08-10 23:55:16,18.99,16.79,2026-01-01
bd2623f3663c5daa3f89e6b527fd49da,1,6d59a3fe3140425fb175cdd1e688dc2e,cca3071e3e9bb7d12640c9fbe2301306,2017-01-27 17:08:01,29.90,10.96,2026-01-01
bd3e89bd89fac4760b244047d795e2fe,1,78514b0a0cec96621010b7b6a2bfd6c6,30a2f535bb48308f991d0b9ad4a8c4bb,2017-12-13 10:31:35,49.90,11.85,2026-01-01
bd3f8b3f4ff1469c0709218f7fde9fe8,1,1bbb8e929009e827868035f4fa7a5884,44f091b5abab8018f682fce8124b85e5,2017-11-21 04:06:46,34.50,8.72,2026-01-01
bd4bd0194d6d29f83b8557d4b89b572a,1,7f457254a89d62960399e075711b3deb,ea8482cd71df3c1969d7b9473ff13abc,2018-08-02 03:50:24,24.99,12.84,2026-01-01
bd5c9d506fee7419ee3c669d0123a067,1,951cb45d30e716a846d8cf5874034e56,2138ccb85b11a4ec1e37afbd1c8eda1f,2017-03-30 01:05:12,18.99,8.72,2026-01-01
be6e034d294e425c514e215bf0b7120a,1,0eb5e2c967974b4a88f060ae6610788e,834f8533b2ecb6598dd004ff3de7203a,2017-05-26 16:05:19,78.87,12.89,2026-01-01
be82da060fda4b85c7fe6ea6512f67e8,1,68821aa251c8715f0c4199f413511411,50c9975695009e5e6473912e83a6d1da,2017-05-09 14:45:23,45.00,36.75,2026-01-01
be82da060fda4b85c7fe6ea6512f67e8,2,68821aa251c8715f0c4199f413511411,50c9975695009e5e6473912e83a6d1da,2017-05-09 14:45:23,45.00,36.75,2026-01-01
bfafa269a969ef03e5db5dc7d7a72471,1,e71ce72b19b83080d97cf4f06c90d096,376a891762bbdecbc02b4b6adec3fdda,2018-05-09 22:13:10,72.00,19.19,2026-01-01
bfe42c22ecbf90bc9f35cf591270b6a7,1,71225f49be70df4297892f6a5fa62171,e5a3438891c0bfdb9394643f95273d8e,2018-01-31 22:16:18,27.30,15.10,2026-01-01
c046779e1ef14c11e325b9b9a46d610d,1,c3d27ee9725d9bb6e585039665b36443,e9e446d01bd10a97a8ffcfc4a3a20cb2,2018-06-12 02:53:58,19.90,7.39,2026-01-01
c09652e16426e2ecbb85f2617192904a,1,fe6a9515d655fa7936b8a7c841039f34,dc317f341ab0e22f39acbd9dbf9b4a1f,2017-11-07 04:15:17,249.90,60.57,2026-01-01
c09652e16426e2ecbb85f2617192904a,2,42a2c92a0979a949ca4ea89ec5c7b934,813348c996469b40f2e028d5429d3495,2017-11-07 04:15:17,58.90,29.88,2026-01-01
c0aa0e99afe6f6dac845326a854690fd,1,4a523a9f00bf299d2496151b0e2a3238,c3867b4666c7d76867627c2f7fb22e21,2017-07-28 17:30:29,119.00,12.33,2026-01-01
c0e59bb74c6b71dbd39b3073120e957d,1,73326828aa5efe1ba096223de496f596,d13e50eaa47b4cbe9eb81465865d8cfc,2018-08-09 09:45:18,79.90,13.22,2026-01-01
c0e6116a3c6c2d732ec1b43bb7b5f307,1,1c9b5793de6c3d9117b6218552c87a8f,3c7c4a49ec3c6550809089c6a2ca9370,2017-11-03 19:15:19,13.99,7.78,2026-01-01
c0e6116a3c6c2d732ec1b43bb7b5f307,2,f2ecbb02b6da187a9f14b8ac5781faec,3c7c4a49ec3c6550809089c6a2ca9370,2017-11-03 19:15:19,13.99,7.78,2026-01-01
c10ff28c81d0b9bd2a265bb0836c8b0c,1,e070a61270050c4b1b704300f331cca6,66922902710d126a0e7d26b0e3805106,2017-10-11 06:21:20,60.00,16.67,2026-01-01
c158e9806f85a33877bdfd4f607b72e7,1,c388aa3cdd554588ebcc869156381ba3,9bcdfa7b615b3abb9461d9e3ad9886ae,2017-04-19 22:15:13,79.90,21.01,2026-01-01
c186ebe3937470a2f562a2dc0bc74dd7,1,2028bf1b01cafb2d2b1901fca4083222,cc419e0650a3c5ba77189a1882b7556a,2017-12-08 13:30:45,56.99,8.72,2026-01-01
c1f0e475378c6500b5907a2134bda1da,1,5a76b277c6c31033b89362512fb80274,d1c281d3ae149232351cd8c8cc885f0d,2017-10-25 16:07:43,37.99,16.11,2026-01-01
c2215076050fa358934105b15c34cf3b,1,99a4788cb24856965c36a24e339b6058,4a3ca9315b744ce9f8e9374361493884,2017-07-20 10:15:15,89.90,12.13,2026-01-01
c228d309379c3ae545cc6ca2d5aae1b2,1,157ee978f4fcdf8984b0bb33a6687fde,e9779976487b77c6d4ac45f75ec7afe9,2018-07-04 22:10:13,35.00,13.83,2026-01-01
c263211bd219538f7c031591e87ef0d7,1,028b0b0277744a9eaa2c4f57c24dcb68,1025f0e2d44d7041d6cf58b6550e0bfa,2017-12-05 03:48:24,359.70,17.27,2026-01-01
c263211bd219538f7c031591e87ef0d7,2,028b0b0277744a9eaa2c4f57c24dcb68,1025f0e2d44d7041d6cf58b6550e0bfa,2017-12-05 03:48:24,359.70,17.27,2026-01-01
c26b94aa87e95d1c1eb1b592f43eb223,1,99a4788cb24856965c36a24e339b6058,4a3ca9315b744ce9f8e9374361493884,2017-07-05 00:23:33,89.90,12.13,2026-01-01
c26b94aa87e95d1c1eb1b592f43eb223,2,35afc973633aaeb6b877ff57b2793310,4a3ca9315b744ce9f8e9374361493884,2017-07-05 00:23:33,89.90,12.13,2026-01-01
c2d07d9078b700b9198a126183867c16,1,48b68cf8eebb10e4dbf1b1ba6cf00107,0951a6e282947e09cd47969f4ed0b47f,2018-08-17 18:23:55,18.00,12.79,2026-01-01
c3664571c21d82f7d8ada5770af419f9,1,0aabfb375647d9738ad0f7b4ea3653b1,37515688008a7a40ac93e3b2e4ab203f,2017-12-01 19:58:22,24.50,11.85,2026-01-01
c3716204ec5bc2bc5593bee858279148,1,cd935d283d47f1050c505e1c39c48b67,a3a38f4affed601eb87a97788c949667,2018-08-06 21:45:18,69.90,18.59,2026-01-01
c3cb4c7c4b963ab08b07a5dca5baf05d,1,9a5a361f3cd6c280f6bf4ffb6207c51e,aba1721a889e04decc910aa13b768ef4,2017-05-22 03:35:16,119.00,15.58,2026-01-01
c3fd670b03599718895218d479f660b6,1,1eb5b06a73df439c29be30c762965ce3,7e93a43ef30c4f03f38b393420bc753a,2017-10-10 18:28:17,899.99,21.05,2026-01-01
c432ba5b3bb83966c1b66696c395a2fb,1,08401f48b67a852d06105725c3013eff,95e03ca3d4146e4011985981aeb959b9,2017-12-13 08:30:35,25.00,7.94,2026-01-01
c4cffa375b754170e9823a1fe9ac75bb,1,f0087499874ae6c0b14f7b42671519fc,41b14765bd56c8ad10971074380f9c0c,2018-08-01 16:45:36,85.00,11.62,2026-01-01
c4d2f075fc3bf3a06d1e68e113c35cbd,1,57e089e3103f5cda6a4ce23b77399bdb,aafe36600ce604f205b86b5084d3d767,2018-08-06 15:10:14,54.90,24.73,2026-01-01
c4d5588c1ee36814fc302422334e67f5,1,29b18b99ca3c94cea05efa9e11465440,aced59e9b31ef866a94f9e7f29d8d418,2017-12-21 11:32:01,295.00,18.78,2026-01-01
c514dba8d0ed614c6a397d2f0f3fe202,1,c9fe02894880831f6f28d5ac212d036f,71592660bbcb6a4664e97b6f8b68babc,2018-08-06 20:55:33,109.00,13.42,2026-01-01
c5d58ec8e7e7184d9a9d42b75ffa002d,1,4abef02c9dfc89006cb3d501d1f291c1,d98eec89afa3380e14463da2aabaea72,2017-02-16 12:30:04,50.00,16.05,2026-01-01
c5e754f77f6f127371e929ccb707fce3,1,aba86c093ccdbac75b09111d57e50004,7c67e1448b00f6e969d365cea6b010ab,2017-02-20 09:53:48,119.60,11.45,2026-01-01
c6174e20db037528301ee8eaf325a469,1,6cc44821f36f3156c782da72dd634e47,da8622b14eb17ae2831f4ac5b9dab84a,2017-11-13 09:35:32,99.90,17.95,2026-01-01
c6174e20db037528301ee8eaf325a469,2,6cc44821f36f3156c782da72dd634e47,da8622b14eb17ae2831f4ac5b9dab84a,2017-11-13 09:35:32,99.90,17.95,2026-01-01
c619ac0f9cdcfcebdfb9490451166da4,1,011967a30ceeaa86acb72e79664544ad,e2aee0892199b1d92530e371abd825bf,2017-05-30 15:35:20,99.90,59.14,2026-01-01
c7172e1a6b8de65fbc6e9e77afda672d,1,7d0e0214a0852cf0c90032c7992cf27f,2a6fbeaa7ab9e5d59a35841a8da71ce4,2018-02-07 17:31:27,65.00,15.20,2026-01-01
c75acba615d2db29345327974641467d,1,4005df5f887f3c2529f363671fc8f4a5,e9779976487b77c6d4ac45f75ec7afe9,2018-07-12 10:10:09,84.99,26.90,2026-01-01
c761a8b74f1e876bc5efc4186f720e27,1,c403e106353e1aa40efe783ecb39ed7a,d2374cbcbb3ca4ab1086534108cc3ab7,2017-04-24 19:22:45,34.90,16.05,2026-01-01
c761a8b74f1e876bc5efc4186f720e27,2,c403e106353e1aa40efe783ecb39ed7a,d2374cbcbb3ca4ab1086534108cc3ab7,2017-04-24 19:22:45,34.90,16.05,2026-01-01
c788aeedf593229d4ee84e790c2e5483,1,162e010af9fe224d35fd8496a273fb02,3c3017960b2dbd72711a61f0400aab8f,2017-03-09 22:55:40,89.90,27.10,2026-01-01
c82430e4a84f03b67cc2a82fecd873f0,1,35d6a7880150d5dacc9ad0c9a9cfb233,7b0df942f46435babab05d49b744b2c4,2017-11-13 04:06:20,283.02,17.74,2026-01-01
c82a457d646f77c8f151e12a3e517ed2,1,81a3f1e46ec16acb4800a5002b014438,d9bd94811c3338dceb4181f3dbc0c73e,2018-08-12 21:25:20,136.78,8.22,2026-01-01
c8627adf430caff83161acbeb344d8f5,1,8c66104d520634a3b6e20c1f326767de,c864036feaab8c1659f65ea4faebe1da,2018-08-14 17:30:25,229.90,55.69,2026-01-01
c9205528d5e1b823f414b4f15314c03f,1,ace1e48f1eaabcd539235e93e361133b,6edacfd9f9074789dad6d62ba7950b9c,2017-08-29 02:47:28,44.90,15.10,2026-01-01
c93e4c73cba512f76817291e0de8bec4,1,f1f01d27cb8664e16d57ef4a8075f3be,46dc3b2cc0980fb8ec44634e21d2718e,2017-09-18 16:44:39,279.99,21.20,2026-01-01
c9c52a849ead8fc8b85d828ae740ec78,1,7c1bd920dbdf22470b68bde975dd3ccf,cc419e0650a3c5ba77189a1882b7556a,2017-12-05 01:25:20,58.99,17.66,2026-01-01
ca0400dec2c292340c373e63b1c2c597,1,42bf9ee410b1247f0223626107834b87,751bdc4d83a466c7206cd42e8f426b03,2017-12-04 10:40:55,169.99,19.43,2026-01-01
ca0400dec2c292340c373e63b1c2c597,2,42bf9ee410b1247f0223626107834b87,751bdc4d83a466c7206cd42e8f426b03,2017-12-04 10:40:55,169.99,19.43,2026-01-01
ca0400dec2c292340c373e63b1c2c597,3,42bf9ee410b1247f0223626107834b87,751bdc4d83a466c7206cd42e8f426b03,2017-12-04 10:40:55,169.99,19.43,2026-01-01
ca0400dec2c292340c373e63b1c2c597,4,42bf9ee410b1247f0223626107834b87,751bdc4d83a466c7206cd42e8f426b03,2017-12-04 10:40:55,169.99,19.43,2026-01-01
ca290a06ee0945b956f79c93b5191633,1,2948658cb6abc82847412be7201bfc4c,955fee9216a65b617aa5c0531780ce60,2018-04-15 23:10:27,120.00,55.10,2026-01-01
cadbb3657dac2dbbd5b84b12e7b78aad,1,9d2ff462feaaf88912539b8647e17ab4,00fc707aaaad2d31347cf883cd2dfe10,2018-03-13 02:48:54,394.90,14.89,2026-01-01
cafc9b2f7d35ec42bdb74347cc6e8a70,1,c5841303f830680eb1cdda8be0ff35bf,b561927807645834b59ef0d16ba55a24,2018-01-25 01:21:52,38.00,17.63,2026-01-01
cbbb524a0e1646aa6cf7a3c0bbe517ad,1,bab7ff9abbcc13690a62d015f2ca8e44,229c3efbfb0ea2058de4ccdfbc3d784a,2016-10-10 02:46:24,75.00,20.58,2026-01-01
cbec453ddd874ca620b8afc6393e3218,1,283dc451ad3918badb976d56ff887289,da8622b14eb17ae2831f4ac5b9dab84a,2017-06-08 10:22:32,89.90,13.65,2026-01-01
cc06813c8d9909633f390ed9b5df999f,1,d1c427060a0f73f6b889a5c7c61f2ac4,a1043bafd471dff536d0c462352beb48,2018-04-19 18:52:37,119.00,54.59,2026-01-01
cc66dee6fbc18bb79903c3a2cc14ff52,1,cc5447118c174dcc6456c84ccb29e6f7,ef0ace09169ac090589d85746e3e036f,2018-04-18 15:15:27,117.70,18.70,2026-01-01
cc86a65e920aceb9fe3bbe49bab2bd52,1,d37c7b44350fea9327f32f3e603f682b,0241d4d5d36f10f80c644447315af0bd,2017-11-30 04:17:35,29.90,16.11,2026-01-01
ccbabeb0b02433bd0fcbac46e70339f2,1,89321f94e35fc6d7903d36f74e351d40,16090f2ca825584b5a147ab24aa30c86,2018-02-27 03:31:34,27.90,15.10,2026-01-01
ccd7d6d23c5d29de6367dd5332aab16d,1,9343856b202bd10630a59b79d8f61cbc,1da3aeb70d7989d1e6d9b0e887f97c23,2017-06-09 11:55:15,14.99,7.78,2026-01-01
cd0019d8419b82109ff269d8b4e18791,1,698b3ddae2f0b80c2a48fb40624ca4e4,0241d4d5d36f10f80c644447315af0bd,2018-05-22 02:58:58,249.00,58.00,2026-01-01
cd81fccdeffb11e33de701e2c53c85c6,1,368c6c730842d78016ad823897a372db,1f50f920176fa81dab994f9023523100,2018-05-03 22:55:14,53.90,29.71,2026-01-01
cd864dfff08db3d739750d749ec053b3,1,1d7db62a21ffb4f220d3e8a05fa77e02,643214e62b870443ccbe55ab29a4dccf,2018-01-22 10:12:20,32.00,15.10,2026-01-01
cdbe906438125d1d5bf88bb289f8ed61,1,bf0fb54ca0888fce3109ad83c00617c4,ca4b77513ac2040591b0d8fae6958380,2018-08-08 13:15:22,123.47,9.02,2026-01-01
ce9feeba53c652dd6569cca62e2bb287,1,28b5fef7b6d63771e9784bc68c783793,d91fb3b7d041e83b64a00a3edfb37e4f,2018-04-19 19:55:20,45.00,11.86,2026-01-01
cedd898e1a953e9a8f3d763a364f6717,1,eb719445ec882a7b60518fd8b55c1b0f,7e3f87d16fb353f408d467e74fbd8014,2017-08-23 18:05:30,28.90,15.10,2026-01-01
cefa8ee1540139ac77fa0c1b4ff1f04b,1,092be1e8336fc404c57bd5970d056886,cbd996ad3c1b7dc71fd0e5f5df9087e2,2018-07-04 13:10:15,66.39,19.66,2026-01-01
cf0ac4e12ad66c28302fc103670222fa,1,c3fff1789c3ee48e562e3ce051a4fa3f,ef506c96320abeedfb894c34db06f478,2017-11-01 03:08:30,25.99,7.78,2026-01-01
cf18c0b77059499a99818871229ab994,1,79b45f6fe16c752af64c050de4566693,ae45df84722b1d15c5f32b23a095746c,2018-08-23 10:51:19,132.00,17.85,2026-01-01
cf1bc456a0d5c63bb6c94d3b8b2c56e7,1,347a1dbb9334cebdd3f2c43bc1b34455,152ee17e4c8aaf53dac99f3462e4999b,2017-09-14 06:34:59,57.00,14.27,2026-01-01
cf3d593f97ce4a58adbd6b488579fa36,1,3b402e910ac3b3271958456b36a7c7ac,d9a84e1403de8da0c3aa531d6d108ba6,2018-06-28 05:31:11,12.90,7.39,2026-01-01
cf771efcb04c578f9d3619f2632d8333,1,e53e557d5a159f5aa2c5e995dfdf244b,88460e8ebdecbfecb5f9601833981930,2018-02-16 17:47:58,74.90,12.65,2026-01-01
cf8f7b73e35cb19ff895c2f45c1ded72,1,3d36f403ac27db5c5b8faa68836e3d1f,77530e9772f57a62c906e1c21538ab82,2018-03-01 07:08:17,99.00,12.40,2026-01-01
cfa4fa27b417971e86d8127cb688712f,1,f622086c97c7060ffc84d17b9986a1b8,08633c14ef2db992c11f840f04fad4cd,2018-08-21 03:10:22,34.90,11.26,2026-01-01
cfb361b2049fa0ddeb6ca3959fa0767d,1,b75a056d7d03227c3a3b60e9ccf518c9,3f995f07c49d0d55a99d5c54957f7d81,2018-08-26 23:15:15,59.00,8.57,2026-01-01
cfd355e6233b9854f7decc72472f9c3e,1,d952c09021388fd5b1e5f914f559fb10,2138ccb85b11a4ec1e37afbd1c8eda1f,2017-03-30 02:16:17,18.99,17.78,2026-01-01
d0a72f8bcc1f2045167eaa548647e77c,1,84aa780b4f8692cf7a28b30cd0ff671d,a938325a4b357fd23a6a4d5bb126408e,2018-07-10 10:31:05,159.00,63.13,2026-01-01
d0d828105d7a6106d4b6cfd55607c278,1,35c4a5bb0f191b77c8900661f047250b,730937bf88cb151eb2eb849f642fc213,2018-05-07 11:30:36,72.50,9.26,2026-01-01
d0d828105d7a6106d4b6cfd55607c278,2,35c4a5bb0f191b77c8900661f047250b,730937bf88cb151eb2eb849f642fc213,2018-05-07 11:30:36,72.50,9.26,2026-01-01
d0d85933667e8a90939ca37947942b62,1,4bb4fb9c85785b75ab4f6559900c7ca1,ef506c96320abeedfb894c34db06f478,2017-03-14 19:55:23,37.99,10.96,2026-01-01
d0e9849de800fdb4cb3b5e6d42c6b367,1,01ef0716b68c8493434ad32430c24e18,1900267e848ceeba8fa32d80c1a5f5a8,2017-09-08 02:30:13,56.99,28.80,2026-01-01
d10090be5f75fb89b6817469f0ce1a30,1,de15917c5525c593f2a9747a5c943ee7,3092c0b297aacfb4bb6e056ebe13b9b8,2018-05-10 13:31:35,16.90,15.23,2026-01-01
d118d545516947d2d82fda28e9d631af,1,11059273f4bc1a293777e98c89807c62,431af27f296bc6519d890aa5a05fdb11,2017-08-08 13:30:13,99.90,12.20,2026-01-01
d16d35b47ec2d842e3846a4c7f4586d0,1,fdd84aefb08c8f8225e0b8c97429d53b,94144541854e298c2d976cb893b81343,2017-04-10 13:25:20,59.90,17.85,2026-01-01
d17dc4a904426827ca80f2ccb3a6be56,1,ba4bfbf74dbe7ab37e263b9326da0523,f8db351d8c4c4c22c6835c19a46f01b0,2017-05-18 20:42:45,36.90,17.92,2026-01-01
d1f54c6a2a7015c5687439d6d4e971ba,1,689b01074243aeee72049c8da42d2e22,3d871de0142ce09b7081e2b9d1733cb1,2017-05-04 11:22:56,68.00,24.97,2026-01-01
d22e9fa5731b9e30e8b27afcdc2f8563,1,f410090aec61f7c73748ca894286edcd,980640c45d7a4635885491d077167e4d,2018-08-07 23:35:13,99.00,22.62,2026-01-01
d262943abbea3ae2db6528a4261ba247,1,5cd950f6f9b4f8c82e805a136e3df79f,f3975e8a41157005d4bcbb358678cd9b,2018-04-09 17:10:29,123.90,64.41,2026-01-01
d2741de337666d1bb01913f415e6643f,1,5739177f0e1a8c060da43932f5a447a8,5bffbafbb22daf6d3bfc216a46db8708,2017-03-02 14:50:18,18.99,17.78,2026-01-01
d2b9580c38485b5aa4eb815c689c3164,1,0554df77f3ed2e36e06c60eb65dc357a,57e632711dec9ec14ca7546769483e7e,2017-07-27 02:50:48,132.90,15.68,2026-01-01
d30680568af2e9f0aeba3420292df26d,1,5ac9d9e379c606e36a8094a6046f75dc,633ecdf879b94b5337cca303328e4a25,2017-09-21 09:35:12,109.90,16.21,2026-01-01
d396adb7e51ca1bcb4a84cb786fee813,1,9069c427ca36847bc3907c09712f6cf8,7b1222c3624aa89b9558b50a2594188c,2017-07-19 06:44:25,699.90,22.15,2026-01-01
d3c64cf55752f7821e85e7ea9b9b3f30,1,44414d55ce2808a7b8f3568a92d1484f,d36b07fd3c5088e477a72d1fccfe29d4,2017-05-12 11:30:19,328.90,10.96,2026-01-01
d3c8851a6651eeff2f73b0e011ac45d0,1,ca17b18b38db6e0d2c33d362322f2a06,4be2e7f96b4fd749d52dff41f80e39dd,2016-10-21 16:24:45,267.00,32.84,2026-01-01
d3ca7b82c922817b06e5ca21165c5ea2,1,8983a3b149303c013fceabef902e835a,9f505651f4a6abe901a56cdc21508025,2017-11-22 14:08:23,99.00,9.51,2026-01-01
d3d6788577c9592da441752e8a1dd5e3,1,7c1bd920dbdf22470b68bde975dd3ccf,cc419e0650a3c5ba77189a1882b7556a,2017-09-27 07:55:14,58.99,17.66,2026-01-01
d445a6e277eaa62900bc18d453d96d76,1,9afaad66aca8b0c79e4f084a89c9c92b,42bde9fef835393bb8a8849cb6b7f245,2017-08-09 10:50:24,199.00,26.42,2026-01-01
d44b754260def6c94daa9e661e530044,1,601a360bd2a916ecef0e88de72a6531a,7a67c85e85bb2ce8582c35f2203ad736,2017-05-04 12:34:26,129.99,17.65,2026-01-01
d4922affdd87d3e42657243354c7acd1,1,f999580a69ce2d199677c5b6a5472aee,634964b17796e64304cadf1ad3050fb7,2018-07-05 21:29:50,35.90,23.05,2026-01-01
d493148aa5f8d08914d29ec0524e1196,1,be7f0912ba01126704c81b3f705aaaf2,26d8a1c7c75d513045798992ead43aa2,2018-02-07 13:31:37,155.99,14.11,2026-01-01
d4ab8a264235be36f72a07621046d082,1,2e810f124ff7668bc1ea0d1953aaacd2,fa1c13f2614d7b5c4749cbc52fecda94,2018-06-11 15:52:33,195.90,19.25,2026-01-01
d5211af24819d319c02a285e7bb51750,1,7f9e40aa498f8f6edf4cc51215ecce9e,c9aafcd0621b2207c10e32c649cada4d,2018-08-09 16:45:15,31.19,3.37,2026-01-01
d5211af24819d319c02a285e7bb51750,2,8d28eb3a7309368ca0de19e016266251,c9aafcd0621b2207c10e32c649cada4d,2018-08-09 16:45:15,35.99,3.38,2026-01-01
d5211af24819d319c02a285e7bb51750,3,7698c2e9ec5dc2b70af8c1c8ac245cae,c9aafcd0621b2207c10e32c649cada4d,2018-08-09 16:45:15,14.90,3.37,2026-01-01
d5211af24819d319c02a285e7bb51750,4,6f46359e56f51d5deded13adcd1c255c,516e7738bd8f735ac19a010ee5450d8d,2018-08-08 16:45:15,31.90,3.37,2026-01-01
d5211af24819d319c02a285e7bb51750,5,7486542600afc050d20740e976ff87f8,c9aafcd0621b2207c10e32c649cada4d,2018-08-09 16:45:15,22.90,6.74,2026-01-01
d5211af24819d319c02a285e7bb51750,6,7486542600afc050d20740e976ff87f8,c9aafcd0621b2207c10e32c649cada4d,2018-08-09 16:45:15,22.90,6.74,2026-01-01
d52140bee663636aa4f6057e50bc06a3,1,fe75529a267b76ac6e96f0c322a899a4,620c87c171fb2a6dd6e8bb4dec959fc6,2018-03-09 20:49:07,119.90,27.38,2026-01-01
d5af7f6e2db2c527fe19decfc2d37a83,1,389d119b48cf3043d311335e499d9c6b,1f50f920176fa81dab994f9023523100,2017-08-06 21:15:09,59.90,13.44,2026-01-01
d5af7f6e2db2c527fe19decfc2d37a83,2,389d119b48cf3043d311335e499d9c6b,1f50f920176fa81dab994f9023523100,2017-08-06 21:15:09,59.90,13.44,2026-01-01
d5af7f6e2db2c527fe19decfc2d37a83,3,389d119b48cf3043d311335e499d9c6b,1f50f920176fa81dab994f9023523100,2017-08-06 21:15:09,59.90,13.44,2026-01-01
d62387acb3914789e712406e9882e549,1,53b36df67ebb7c41585e8d54d6772e08,7d13fca15225358621be4086e1eb0964,2018-05-14 20:30:21,99.90,0.00,2026-01-01
d65c179a817be22977e263fbc1a4fef4,1,aa8627a375771ab01288705307ec4ae5,e333046ce6517bd8bb510291d44f0130,2017-08-15 22:03:51,75.00,21.02,2026-01-01
d74d2985a4c187334dc59722076a2e5f,1,ba6060edcfb9011f13da2fcdc78a01b8,a3082f442524a1be452e3189e003b361,2018-08-15 20:50:14,95.90,32.81,2026-01-01
d74d2985a4c187334dc59722076a2e5f,2,ba6060edcfb9011f13da2fcdc78a01b8,a3082f442524a1be452e3189e003b361,2018-08-15 20:50:14,95.90,32.81,2026-01-01
d7f4e2f755cf2f40aa7c39804cfe01c4,1,cec09725da5ed01471d9a505e7389d37,4d6d651bd7684af3fffabd5f08d12e5a,2017-11-30 13:14:18,69.90,20.98,2026-01-01
d83706c29baf36eedf5e8adfb0da304e,1,0bed2811f66d80c67e51d3d9a5127233,818d28f936e791926d33bcb6ee94ef79,2017-03-24 11:36:11,27.90,16.05,2026-01-01
d86359a45e3f6c6d8b35f7b13e41abf5,1,a62e25e09e05e6faf31d90c6ec1aa3d1,634964b17796e64304cadf1ad3050fb7,2018-06-14 14:31:56,105.00,19.70,2026-01-01
d887b52c6516beb39e8cd44a5f8b60f7,1,39a9942865c056ed2006a5e8c11d9537,ba5daa4041e1f15cdf34b76e3e18a450,2018-02-08 12:50:30,84.90,15.35,2026-01-01
d8917c684fbf577ca5d76423b29f29da,1,9174e9c6706591455d3422ce4f91a685,49cdc90518a4f82676b38b3c1aa43ff6,2018-07-05 19:55:10,109.90,13.43,2026-01-01
d8a7be3bdd16ebaf4601bc8252f54a08,1,489885ef5a88dcef73d4c22e2f500ae3,c8b0e2b0a7095e5d8219575d5e7e1181,2018-08-16 01:25:13,119.99,8.10,2026-01-01
d8e2d2a26010eb732a91d8b6952e2c9e,1,aca2eb7d00ea1a7b8ebd4e68314663af,955fee9216a65b617aa5c0531780ce60,2018-01-19 02:35:45,69.90,29.90,2026-01-01
d92d62eadcca8fd6509c4d0afad5b2c2,1,4ce9ab528124f89e091b17d11aa2e97c,7e3f87d16fb353f408d467e74fbd8014,2018-08-16 03:45:13,89.90,8.79,2026-01-01
d965c84427fa1d6daad237adfbf75554,1,0ab20af8197d84bc8831765be67b4cc6,5dceca129747e92ff8ef7a997dc4f8ca,2017-11-28 02:39:32,388.00,25.59,2026-01-01
d977821da81b766c90bcd3351f0dbf19,1,1613b819ab5dae53aead2dbb4ebdb378,16090f2ca825584b5a147ab24aa30c86,2018-05-09 21:35:18,27.90,18.23,2026-01-01
d9a79759e192eeea9d5227b706bb6155,1,fb8d7cbaede34c7601b2d5a283287d49,6edacfd9f9074789dad6d62ba7950b9c,2017-10-10 23:35:24,37.90,15.10,2026-01-01
d9cfa4b0f995deb2fa9758d5534e1d13,1,096b00d9037146606b19d614cd67ab65,66dc1b1632bd6a3e508510c5b3492107,2018-06-13 19:15:24,129.90,18.79,2026-01-01
da8be3bb62e9bf01e2e1a3bfd74ebd1a,1,cea7edf64d9e93fbf6b89cc3ba537cd9,a4b6b9b992b46e9ef863637af96e04bc,2017-04-12 13:55:17,2690.00,61.24,2026-01-01
db0b67b642c6fdc947608f6b2108f802,1,575889c312f07612d39648ea61253cd5,9d39404483343dd55c7ae254494d8388,2018-02-07 03:55:37,29.90,7.78,2026-01-01
db0d194c127a36909de3bda3edad30bc,1,2b0ee2d07306f7c9ac55a43166e9bb4b,1900267e848ceeba8fa32d80c1a5f5a8,2017-12-06 13:56:28,59.99,12.76,2026-01-01
db0d194c127a36909de3bda3edad30bc,2,2b0ee2d07306f7c9ac55a43166e9bb4b,1900267e848ceeba8fa32d80c1a5f5a8,2017-12-06 13:56:28,59.99,12.76,2026-01-01
db115077a7bd949a515922eb40aea6c3,1,a02d0123079f4ae96001ba2010d1a2df,1025f0e2d44d7041d6cf58b6550e0bfa,2018-07-30 13:31:07,228.00,62.26,2026-01-01
db115077a7bd949a515922eb40aea6c3,2,71f0bc096460c175e49cb3826bc8761a,2a261b5b644fa05f4f2700eb93544f2c,2018-07-30 13:31:07,90.00,62.26,2026-01-01
db2351cb5d7dbd5c45ac607d32f2cb9b,1,289dfe89bc0d1eb6bea5a0a3bde85552,259f7b5e6e482c230e5bfaa670b6bb8f,2018-02-01 03:16:31,54.90,13.40,2026-01-01
db5fdbee9ab29d55f24c329246e6fe51,1,55945cf4a4e6def88dcc8996a581608a,e9779976487b77c6d4ac45f75ec7afe9,2017-06-22 13:25:13,89.00,15.37,2026-01-01
db6a3a98e587a2b75215bf8f467d43ec,1,f699b297070aa38aaf3de9639302506a,c3867b4666c7d76867627c2f7fb22e21,2017-12-07 21:55:18,115.00,18.06,2026-01-01
dc05a07c0cc70e26e10e274313034ad3,1,5145cef9f9e1293cf8cba2c924eb94e9,17a053fcb14bd219540cbde0df490be0,2018-08-07 16:50:14,299.90,129.74,2026-01-01
dc400373e624e9b0435847a79813c658,1,91910bbde68f7027e850dcd82b25c5bb,2e1a7d075abe038c1b2743005fe42ff1,2018-01-18 18:59:30,39.90,9.34,2026-01-01
dcb36b511fcac050b97cd5c05de84dc3,1,009c09f439988bc06a93d6b8186dce73,89a51f50b8095ea78d5768f34c13a76f,2018-06-18 18:59:02,132.40,14.05,2026-01-01
dcb4a1d21593a108db61f12a4b3d61db,1,1d8ff272f4ff5248bde1358ef928713f,082e0bf4cb865a6533b1e8e498cc0255,2018-06-25 13:57:28,89.00,23.42,2026-01-01
dcb4a1d21593a108db61f12a4b3d61db,2,1d8ff272f4ff5248bde1358ef928713f,082e0bf4cb865a6533b1e8e498cc0255,2018-06-25 13:57:28,89.00,23.42,2026-01-01
dcbd516c0f39081a5e542ef76bbc3fe4,1,53759a2ecddad2bb87a079a1f1519f73,1f50f920176fa81dab994f9023523100,2018-08-14 12:24:22,49.90,41.33,2026-01-01
dcc3610bd6745b8ec0d84354631fbd3d,1,c765fb286266d05deb16689631d841e1,77a515caa36327151d1cc6c32a9f00e1,2018-07-26 06:10:17,120.00,20.03,2026-01-01
dd480c63548e3c0b7219520e3784ebd2,1,56fd30e18420cb9a5a50c718168fa660,9535a841eecebed61a9fb1ac1cbb5597,2017-01-30 16:25:36,186.00,15.47,2026-01-01
dd6d0f11a9c3d2abdc91e95b9598b332,1,b4436da747c3a53ab07ac0e71de17dcd,cf8ab1616079e2793aa29d524df01bb1,2018-02-01 19:29:39,1599.00,93.05,2026-01-01
dd78f560c270f1909639c11b925620ea,1,00baba5b58e274d0332a0c8a0a66f877,d3f39f05462b79a4562d35893a28f159,2018-03-16 02:30:56,47.90,12.79,2026-01-01
ddb0d201c7d2c8ce0e966d98128d16e9,1,d5852e1fab9be489b5371a70adad7494,5d9dc90a686a8fddacffab6bab5653a3,2017-10-05 10:24:04,33.00,8.72,2026-01-01
de81104d0d1d1a5d4dd09e89a7ea4cd1,1,66a0a6e02b7f543e5b021ce361f267d4,7a67c85e85bb2ce8582c35f2203ad736,2017-02-14 16:37:55,119.99,16.05,2026-01-01
def622b4b003c4749c889dd9a0b43eca,1,4615c086d05b264e9ff7004fcb515e37,0bae85eb84b9fb3bd773911e89288d54,2018-02-01 02:45:33,38.20,15.10,2026-01-01
df6e64a3be9ccea48c3bfe8e096e8749,1,99a4788cb24856965c36a24e339b6058,4a3ca9315b744ce9f8e9374361493884,2017-08-22 08:10:14,89.90,17.88,2026-01-01
df82ea7ca7f0f799161e0fd92c3ab96a,1,d1c427060a0f73f6b889a5c7c61f2ac4,a1043bafd471dff536d0c462352beb48,2018-05-16 11:58:12,119.00,58.69,2026-01-01
df82ea7ca7f0f799161e0fd92c3ab96a,2,d1c427060a0f73f6b889a5c7c61f2ac4,a1043bafd471dff536d0c462352beb48,2018-05-16 11:58:12,119.00,58.69,2026-01-01
df8e5e994bcc820fcf403f9a875201e6,1,962a6951154f98f2c8e9a5b8b2bcf4a9,1025f0e2d44d7041d6cf58b6550e0bfa,2018-08-07 13:44:25,75.00,21.17,2026-01-01
e1da8361c76cab67aa3588a1fbf1af54,1,e0d64dcfaa3b6db5c54ca298ae101d05,7e93a43ef30c4f03f38b393420bc753a,2017-07-10 04:10:19,235.99,17.41,2026-01-01
e22b71f6e4a481445ec4527cb4c405f7,1,3bc5164bc7f4be77002d6651da65c98c,6cd68b3ed6d59aaa9fece558ad360c0a,2017-04-27 14:01:13,22.50,11.74,2026-01-01
e2493d49c7ac426207fb7575814ebbd4,1,97017430754804328eb9597b7f85da03,ea8482cd71df3c1969d7b9473ff13abc,2017-12-08 18:28:41,27.99,17.63,2026-01-01
e2676f5f513bf595fcbd506999db7c26,1,11bbef4e2a44601d9dd471aa1fb433e6,5c243662ce92d84573bfaff24c3e3700,2017-08-09 03:06:30,329.99,13.51,2026-01-01
e311f8fc30348d6213964a43f70f87fb,1,52c80cedd4e90108bf4fa6a206ef6b03,a1043bafd471dff536d0c462352beb48,2018-04-23 17:10:42,179.00,8.87,2026-01-01
e3447938231fb6ba2fee0231b51eca59,1,97f1396a5a1f7c07ba51784efdec44b8,955fee9216a65b617aa5c0531780ce60,2018-08-28 11:15:29,160.00,12.14,2026-01-01
e346cd9299371b18c0b28e8e29a5e376,1,f9a7825fa51f487b8a48f67e9efced8c,76d5af76d0271110f9af36c92573f765,2017-05-23 08:45:09,29.90,12.69,2026-01-01
e37797aedc7cd4ef82278fbc169eecaf,1,013ee64977aaa6b2b25475095162e0e9,640e21a7d01df7614a3b4923e990d40c,2018-05-13 22:30:39,69.99,14.58,2026-01-01
e3a83a19707a6f27e4fde8d6b13d43f4,1,9a36241ab9d33e23d58b50eddb5097c9,1acde099eb406aa220b1169b188b42da,2017-09-18 04:50:37,159.00,18.36,2026-01-01
e425680f760cbc130be3e53a9773c584,1,9ecadb84c81da840dbf3564378b586e9,1025f0e2d44d7041d6cf58b6550e0bfa,2017-09-08 08:30:17,38.40,11.85,2026-01-01
e481f51cbdc54678b7cc49136f2d6af7,1,87285b34884572647811a353c7ac498a,3504c0cb71d7fa48d967e0e4c94d59d9,2017-10-06 11:07:15,29.99,8.72,2026-01-01
e4de6d53ecff736bc68804b0b6e9f635,1,90b58782fdd04cb829667fcc41fb65f5,7c67e1448b00f6e969d365cea6b010ab,2017-10-27 03:49:34,179.99,51.13,2026-01-01
e54613f3313c396f77d8280b9121ea2e,1,1c5cd477820c6046039178150f6f8916,dbec9a0a7efeff029d4d9dce7dc4cc95,2018-06-20 22:20:30,380.00,33.53,2026-01-01
e55e8c9f6f33a8562db1430444f22092,1,f100f4ee5e2b55d163a3f7c300c24d26,a69aa24cec11168e7e39a3fbc727e925,2018-06-21 02:17:48,39.99,18.44,2026-01-01
e5a7c745f93cb381d78042cdef65b05b,1,63de2743d05ab59d85caa49e49459ac1,cbd996ad3c1b7dc71fd0e5f5df9087e2,2017-09-21 02:25:56,19.90,11.85,2026-01-01
e5d48f5d3719ee190629a850e362dc57,1,94475071013412139f862c0bd7e3bb37,955fee9216a65b617aa5c0531780ce60,2017-12-07 20:30:47,39.99,8.72,2026-01-01
e5d931ebd7214cd492fff71fb6a2aeff,1,1b947042ada4bafeaeb8714e1584d5b1,31344c16881c08a8a72c6d2eb29918c1,2018-05-22 03:15:21,189.90,32.80,2026-01-01
e5e6a20a4c3fbe6ee280c01f8fe279cc,1,1b981d76f4ec023c49b13412f503f1c2,77530e9772f57a62c906e1c21538ab82,2018-08-07 11:15:13,49.00,22.27,2026-01-01
e5e7f892785fbe21a339bcd77efdae86,1,62744bf012b60074e5fa0fcd657cbd34,30a2f535bb48308f991d0b9ad4a8c4bb,2017-12-07 21:24:08,74.90,8.72,2026-01-01
e6190dea235662449d160357e46eaec8,1,c415aad99ee06e0fe8a58c09d3598ef7,4de6e4ba574aa9dfdc824bc44dc47fdd,2018-01-15 07:27:15,69.90,19.98,2026-01-01
e659b8223be6f632acb24fb80cf50ca9,1,d899e614656fe7bddd577dcfe583d19c,6a8b085f816a1f75f92dbac6eb545f8f,2017-11-23 11:47:19,61.50,25.71,2026-01-01
e69bfb5eb88e0ed6a785585b27e16dbf,1,9a78fb9862b10749a117f7fc3c31f051,7c67e1448b00f6e969d365cea6b010ab,2017-08-11 12:05:32,149.99,19.77,2026-01-01
e69e2290db6b2d3b7593a40112e1a82a,1,6d68112743e7ed2de3932554b033f544,0d33a55da925bbf1ff02af5f6059fc7f,2018-06-11 03:15:28,28.00,25.34,2026-01-01
e69e2290db6b2d3b7593a40112e1a82a,2,fde90f06296b26995fd0de6f16610d70,8bb48dc19fccaa8613b6229bf7f452a2,2018-06-11 03:15:28,47.99,25.34,2026-01-01
e6c3435aca88a50c893f06b6b13e9242,1,6cfe89ec0814c1a570172b0916b102a8,0afccdb8a34ee5c79f7c06faf2b4d56e,2017-06-26 18:10:19,51.90,12.49,2026-01-01
e6ce16cb79ec1d90b1da9085a6118aeb,1,08574b074924071f4e201e151b152b4e,001cca7ae9ae17fb1caed9dfb1094831,2017-05-22 19:50:18,99.00,30.53,2026-01-01
e6ce16cb79ec1d90b1da9085a6118aeb,2,08574b074924071f4e201e151b152b4e,001cca7ae9ae17fb1caed9dfb1094831,2017-05-22 19:50:18,99.00,30.53,2026-01-01
e7a65190baa4e6fd192246157c0b81fb,1,b77dd6385638733dd46bf68b093715b7,ef506c96320abeedfb894c34db06f478,2017-05-04 17:22:58,28.99,24.84,2026-01-01
e811880120e802367a37c73fdbc0a7a2,1,1dec4c88c685d5a07bf01dcb0f8bf9f8,712e6ed8aa4aa1fa65dab41fed5737e4,2017-12-05 15:56:24,559.00,37.27,2026-01-01
e897d96adf4da16805cd6faf2913ce48,1,24619f43ab25b60db576926fd78edd39,f25e239052084705e17a982bc600ab2a,2017-05-11 13:02:28,798.00,56.89,2026-01-01
e91398c99556f8519e116e6ca4f774e1,1,b88bec07c15c233600f4ce48b7bb44e0,dbb9b48c841a0e39e21f98e1a6b2ec3e,2018-03-27 15:48:35,44.99,15.23,2026-01-01
e9280658289b5c5215dcc3b7183c0541,1,9b0ad21bbd4384f9ebc28a688e1e81cd,128639473a139ac0f3e5f5ade55873a5,2017-10-30 09:28:10,18.90,16.79,2026-01-01
e92f3505810692cd4a0350b19e2d9045,1,65fd9b358b7ee029fba34839e9c35fdf,9f505651f4a6abe901a56cdc21508025,2018-06-17 23:18:38,29.99,22.93,2026-01-01
e995d128a5a5bd59d704a736c4a75fd5,1,c785fffd281ac9afffc38c8015455fd8,4a3ca9315b744ce9f8e9374361493884,2018-03-14 21:20:35,59.90,13.78,2026-01-01
e9ce52cd563d0124dced659e69eab10a,1,0efb0a47500c44e05a5930cae12307d4,5dceca129747e92ff8ef7a997dc4f8ca,2017-07-18 02:10:59,259.90,53.01,2026-01-01
ea12bd9ee4b9a167ce287004482769e1,1,2ccd049c8e7ea210e079a1aa8ad92477,3d871de0142ce09b7081e2b9d1733cb1,2017-11-01 20:46:38,79.00,13.57,2026-01-01
ea337f88a8c5cab4e99da87460f1b99e,1,eba7488e1c67729f045ab43fac426f2e,620c87c171fb2a6dd6e8bb4dec959fc6,2017-03-23 23:15:51,198.00,15.56,2026-01-01
eafef0e6c44f121531569a69a318c3b3,1,e1901d5d99ca951543717ea5d1940a36,855668e0971d4dfd7bef1b6a4133b41b,2017-12-05 13:12:28,65.99,15.22,2026-01-01
eb1873ec4d6a2af1c0626a7d08bd9c09,1,d2239567438e335a463191a43f2f02ff,b94cc9f10ddc85e4ba73a6f7974e7101,2018-05-18 18:17:57,799.90,28.18,2026-01-01
eb270c4cbf3671961f3883e8b888571b,1,e25f22a38cdc5a14a51ade281eebd0e9,128639473a139ac0f3e5f5ade55873a5,2017-12-13 03:12:20,89.90,17.07,2026-01-01
eb366fe32c33e3b4037e9c3290b3ecec,1,cac9e5692471a0700418aa3400b9b2b1,7ea5bfa6c340f58f8e71fc1f0412b0d6,2017-11-24 16:47:01,129.99,15.67,2026-01-01
eb79e3366c1e8ef5a331f96b5c73995f,1,53759a2ecddad2bb87a079a1f1519f73,1f50f920176fa81dab994f9023523100,2017-09-13 02:55:33,59.90,17.67,2026-01-01
eb79e3366c1e8ef5a331f96b5c73995f,2,53759a2ecddad2bb87a079a1f1519f73,1f50f920176fa81dab994f9023523100,2017-09-13 02:55:33,59.90,17.67,2026-01-01
eb7aac057d7c17adb860b770451ae250,1,c94d19d021d4a8fbae5a45f904aeea90,701938c450705b8ae65fc923b70f35c7,2017-02-06 23:24:24,103.99,60.42,2026-01-01
eb7aac057d7c17adb860b770451ae250,2,c94d19d021d4a8fbae5a45f904aeea90,701938c450705b8ae65fc923b70f35c7,2017-02-06 23:24:24,103.99,60.42,2026-01-01
eba18dfa91e31cf748f9f52b779f9ae8,1,154e7e31ebfa092203795c972e5804a6,cc419e0650a3c5ba77189a1882b7556a,2017-11-24 08:26:37,23.99,7.78,2026-01-01
eba75422c6a2414d3cd8289123e64200,1,472a376420891aa45cee5d0b46c17d4c,3d871de0142ce09b7081e2b9d1733cb1,2018-08-06 03:55:21,99.00,41.67,2026-01-01
ebc8d4b1397747291b758772e9d87984,1,3354a4e684f5e7199f9407db70ccd92b,7a67c85e85bb2ce8582c35f2203ad736,2018-04-16 16:31:50,89.99,18.21,2026-01-01
ec07555943e04d757937a8bea3a75ed7,1,0b7142355a981ed9a8ba988a0b613dce,34056b8b55c1775a22af2331670a799c,2017-11-23 04:06:21,109.80,16.53,2026-01-01
ec1fc57b72a7bbe5b32f9c606510db76,1,e15746c8f73cb5e9d74ae01533fa02a5,b19f3ca2ea475913750f25a5c37c8d8f,2018-06-04 18:14:14,139.90,34.52,2026-01-01
ec341c54a5ebf8ee0a67a8632aa7579b,1,22f5b63060a1185e5ec7721efd622321,4c8b8048e33af2bf94f2eb547746a916,2017-08-31 17:04:12,14.82,15.10,2026-01-01
ec3b583694db9a04ad2928a8f0546207,1,de0f5a42f807e66ec0e2803eb10a5a4b,4b0fdb526525f9890eb145bf1534640e,2018-08-14 20:30:18,99.90,19.00,2026-01-01
ec3d63b91b19bedcbe453ea0df14dd50,1,214f3ddd6bf0b37fcc394a822e319a30,c70c1b0d8ca86052f45a432a38b73958,2018-05-24 10:58:35,110.32,7.64,2026-01-01
ecab90c9933c58908d3d6add7c6f5ae3,1,c0db539123a403f670c50237d970b215,f7720c4fa8e3aba4546301ab80ea1f1b,2018-03-01 14:28:03,30.10,33.24,2026-01-01
ed01ce003df13cab401ba2ff57ea2542,1,1cf0c9095608952cb1c65c4789946375,b2ba3715d723d245138f291a6fe42594,2017-11-10 18:31:22,59.90,9.34,2026-01-01
ed01ce003df13cab401ba2ff57ea2542,2,1cf0c9095608952cb1c65c4789946375,b2ba3715d723d245138f291a6fe42594,2017-11-10 18:31:22,59.90,9.34,2026-01-01
ed24759a0ae96582e88fdca0c0997d22,1,914c9e9af640dd56f48764a225b00f89,7c67e1448b00f6e969d365cea6b010ab,2018-04-06 12:08:19,79.98,22.87,2026-01-01
ed3b269b4badaf0126050c9d4f7b854c,1,054515fd15bc1a2029f10de97ffa9120,e9779976487b77c6d4ac45f75ec7afe9,2018-07-17 22:25:13,43.00,12.96,2026-01-01
ed91235fc08276eed0470b26a6dbd4a3,1,bb50f2e236e5eea0100680137654686c,f7ba60f8c3f99e7ee4042fdef03b70c4,2018-03-15 14:50:28,325.00,38.96,2026-01-01
edc531c3153d23614049077e7e1e6405,1,cc5447118c174dcc6456c84ccb29e6f7,ef0ace09169ac090589d85746e3e036f,2018-04-25 02:51:01,117.70,18.70,2026-01-01
ee038389c9f437f7c0e2d1b105a26038,1,40c6502218c2b8ae624cd1576aac13c1,aced59e9b31ef866a94f9e7f29d8d418,2017-07-06 12:15:19,59.00,6.19,2026-01-01
ee038389c9f437f7c0e2d1b105a26038,2,a3b68fbd8f68d8fdff1dd36cf1336b6b,aced59e9b31ef866a94f9e7f29d8d418,2017-07-06 12:15:19,210.00,30.92,2026-01-01
ee0c5c649e17808bc4a363d3a80ebf85,1,c63857f1b80521fbf01eb987423d0ccd,bc47d5d1490df2b36add65d733eafaba,2018-02-05 08:13:43,12.50,14.10,2026-01-01
ee0c5c649e17808bc4a363d3a80ebf85,2,c63857f1b80521fbf01eb987423d0ccd,bc47d5d1490df2b36add65d733eafaba,2018-02-05 08:13:43,12.50,14.10,2026-01-01
ee3fad68d0f56d60e91a2363ec879e44,1,b7a89537c40b1f5a18b5ba75dbb91cbe,a13aaf2d2886ab9fb30fb9a920160b8f,2018-07-31 07:50:10,247.88,16.19,2026-01-01
ee43d4bf4491386fa4837c502b9c3f4e,1,81288df52439985f610be64465e53f57,54a1852d1b8f10312c55e906355666ee,2017-03-13 06:45:09,109.99,29.70,2026-01-01
ee64d42b8cf066f35eac1cf57de1aa85,1,c50ca07e9e4db9ea5011f06802c0aea0,e9779976487b77c6d4ac45f75ec7afe9,2018-06-13 04:30:33,14.49,7.87,2026-01-01
ee990334acb0ff9333b01afa465f3006,1,672e757f331900b9deea127a2a7b79fd,e59aa562b9f8076dd550fcddf0e73491,2018-03-08 02:10:55,410.00,35.32,2026-01-01
eea0eb694d4eb8ffa2ed9279f4c348e5,1,49c934af2be4194ac63262d60745fcb0,4da0e408c99d2fdc2126dc9fce518060,2018-03-19 16:29:55,67.00,14.55,2026-01-01
ef5b03340b5839974405018a62e03f29,1,a6690024de846637eee71e11fdbd95fa,76d5af76d0271110f9af36c92573f765,2018-05-14 04:55:20,51.45,7.39,2026-01-01
ef5b03340b5839974405018a62e03f29,2,a6690024de846637eee71e11fdbd95fa,76d5af76d0271110f9af36c92573f765,2018-05-14 04:55:20,51.45,7.39,2026-01-01
efe9bd98be3cb5cb5c87e7ca27abe613,1,583f158587cdecda3e8bdea694021e39,955fee9216a65b617aa5c0531780ce60,2018-01-29 03:52:57,45.00,16.11,2026-01-01
f049e19134a95d09c806851a5ea1872e,1,6d3dc397c315b4afa15c2cedda354740,4a3ca9315b744ce9f8e9374361493884,2017-12-07 07:30:12,19.90,11.85,2026-01-01
f04bfdbef5359607d39e66fccc9cc0de,1,482c25dc8512547962854dfff5ac057b,48162d548f5b1b11b9d29d1e01f75a61,2017-09-19 15:25:15,217.85,129.84,2026-01-01
f04bfdbef5359607d39e66fccc9cc0de,2,027325f946f1b3d8f94c3496e9a59a10,4a3ccda38b2129705f3fb522db62ca31,2017-09-19 15:25:15,142.90,8.66,2026-01-01
f04bfdbef5359607d39e66fccc9cc0de,3,027325f946f1b3d8f94c3496e9a59a10,4a3ccda38b2129705f3fb522db62ca31,2017-09-19 15:25:15,142.90,8.66,2026-01-01
f04bfdbef5359607d39e66fccc9cc0de,4,482c25dc8512547962854dfff5ac057b,48162d548f5b1b11b9d29d1e01f75a61,2017-09-19 15:25:15,217.85,129.84,2026-01-01
f056d4857c146c38ff02566b3e152bca,1,9c60e93e03989cf6e4a7da214723920d,58f1a6197ed863543e0136bdedb3fce2,2018-05-24 02:54:16,169.00,14.13,2026-01-01
f083654dfd0f9ad9ae0356bf7c68f246,1,ed71a85647afea9562cd2a14b1ac8622,6c177e38df6d3f34182b1f1d427231bf,2017-07-27 18:05:25,299.00,18.53,2026-01-01
f09942b1e1419e69f7509158f2a9c1d6,1,14dffa241a078aeaebaef48a49e807ca,fa40cc5b934574b62717c68f3d678b6d,2017-12-21 13:58:23,64.90,7.78,2026-01-01
f0a82a328fd64b2796242bbfddb7e1d4,1,3b3c3503539e7f917eb57a8d4bfa69f0,bfd27a966d91cfaafdb25d076585f0da,2017-10-13 18:35:26,359.00,19.83,2026-01-01
f112b9fc8967a675670bedf5a2bc6b2b,1,88a1223b29fac4c3abef8d1369dbbaea,5abb8ea023c77787f2c15da891c8d384,2017-02-21 16:37:52,59.00,36.24,2026-01-01
f11b36b3bc7bacf06deef862ed611f02,1,9ad75bd7267e5c724cb42c71ac56ca72,8160255418d5aaa7dbdc9f4c64ebda44,2018-05-21 03:14:50,109.90,14.86,2026-01-01
f11e9516ca2b6091b64f2e2ea0ebebb3,1,7a10781637204d8d10485c71a6108a2e,4869f7a5dfa277a7dca6462dcf3b52b2,2018-02-28 21:28:02,204.00,18.68,2026-01-01
f15ee2f37da0500e278ec213c201edf3,1,6d8096ca93caea3416a6b24bf411bc86,fa1c13f2614d7b5c4749cbc52fecda94,2018-08-01 18:35:13,329.90,17.41,2026-01-01
f169bd689fb8b32ccd62df9050aebc0b,1,20a8603c265d777e25da064113d556f5,e70053bf73d1b5863932e53a9fa47496,2018-04-29 23:31:10,759.00,13.08,2026-01-01
f175d67589e059cbbda956f10f0702e6,1,d8c365a069853295a82caf595c2c8c8d,48efc9d94a9834137efd9ea76b065a38,2017-01-09 13:34:35,9.90,8.72,2026-01-01
f26f92a3da58e9c771820a7b4d9a6800,1,1ec486885049bbb9b79351d150ed18c4,cab85505710c7cb9b720bceb52b01cee,2018-02-15 19:35:32,49.90,7.78,2026-01-01
f271576bed568e896f99eb710cd3a6f8,1,d457916b4fdc60154ed93b5dd3e6fd69,76d64c4aca3a7baf218bf93ef7fa768d,2018-01-11 21:51:28,329.90,82.48,2026-01-01
f271576bed568e896f99eb710cd3a6f8,2,d457916b4fdc60154ed93b5dd3e6fd69,76d64c4aca3a7baf218bf93ef7fa768d,2018-01-11 21:51:28,329.90,82.48,2026-01-01
f29d0fd6d4e6d5ce550e0b2f9335116c,1,aca2eb7d00ea1a7b8ebd4e68314663af,955fee9216a65b617aa5c0531780ce60,2018-05-22 02:59:02,69.90,0.00,2026-01-01
f2e97c3464ad5fb53d6be7afcd0e3eaa,1,90b86c830114ddc888f6380a223ee285,d2374cbcbb3ca4ab1086534108cc3ab7,2017-08-03 12:35:14,21.90,11.85,2026-01-01
f2fa3795760c35b8c05fa8e2f09d5143,1,120fa011365fc39efe382cba4e50999e,da8622b14eb17ae2831f4ac5b9dab84a,2018-04-09 05:10:21,179.90,8.41,2026-01-01
f2fa3795760c35b8c05fa8e2f09d5143,2,68a058d125ba1544e726898f0b8c0523,7c67e1448b00f6e969d365cea6b010ab,2018-04-17 05:10:21,119.99,28.05,2026-01-01
f2fa3795760c35b8c05fa8e2f09d5143,3,eab67bf937aaadc19f83383a331d2dd9,7c67e1448b00f6e969d365cea6b010ab,2018-04-17 05:10:21,149.99,32.05,2026-01-01
f30607daae66843552e00843c6de88ef,1,aed75ad669fbebd5a385ac7cc2ae7573,17f51e7198701186712e53a39c564617,2018-03-12 02:31:06,550.00,145.99,2026-01-01
f312113915f8f85b447cbbb41a3bda73,1,2b1253c7c4fc2b039a4a91b0a5f1cc68,d20b021d3efdf267a402c402a48ea64b,2017-08-17 06:45:09,46.99,12.69,2026-01-01
f31535f21d145b2345e2bf7f09d62322,1,f196248e8b5d060cca414a664ea9a76f,91f0eec23d4a61d7d7caeefa3f0ad1ca,2018-02-08 08:10:31,199.00,24.26,2026-01-01
f3381b1e6c37c70f2b3c9d211b166412,1,16ed6a6e3fce23b741650437fe58d65b,e5a38146df062edaf55c38afa99e42dc,2018-05-02 04:11:10,89.18,19.59,2026-01-01
f343624eab419250ad81f1ce6be22c93,1,777d2e438a1b645f3aec9bd57e92672c,4a3ca9315b744ce9f8e9374361493884,2017-03-13 11:55:18,69.90,15.70,2026-01-01
f346ad4ee8f630e5e4ddaf862a34e6dd,1,4ce99ff9dcb7821acd8e599d5d4a6531,70125af26c2d6d4ef401a1d02ae7701f,2018-08-07 13:24:34,39.90,13.76,2026-01-01
f373335aac9a659de916f7170b8bc07a,1,0cf41187284d7f099adc8415a743ebbd,bbad7e518d7af88a0897397ffdca1979,2018-03-22 15:48:40,35.90,23.28,2026-01-01
f376081d7c5f1767fbc7fae2d19ca32e,1,c7079d23bead81759eb7c670b96728bc,385799a1cddbd26dfeb9157356a42282,2017-04-03 16:15:15,91.99,6.75,2026-01-01
f376081d7c5f1767fbc7fae2d19ca32e,2,04a4e9d8c0dc6b2b4b8e24ea78a8f318,385799a1cddbd26dfeb9157356a42282,2017-04-03 16:15:15,91.99,13.50,2026-01-01
f376081d7c5f1767fbc7fae2d19ca32e,3,04a4e9d8c0dc6b2b4b8e24ea78a8f318,385799a1cddbd26dfeb9157356a42282,2017-04-03 16:15:15,91.99,13.50,2026-01-01
f396e1280028fa9c8c83111abee5f2e9,1,6cdd53843498f92890544667809f1595,ccc4bbb5f32a6ab2b7066a4130f114e3,2018-07-19 04:31:53,364.00,36.90,2026-01-01
f396e1280028fa9c8c83111abee5f2e9,2,9b1954fdd0f9b4ef4ee2d267ac9de4bd,f7ba60f8c3f99e7ee4042fdef03b70c4,2018-07-20 04:31:53,53.00,1.48,2026-01-01
f3c916d220c67cd493a09b5bb17bfc23,1,8d219c7aa1a8032569bbd8c4ad515daa,4d6d651bd7684af3fffabd5f08d12e5a,2018-03-29 16:50:56,119.90,20.18,2026-01-01
f3c95cc4d7074e5b709ac1a9c10dea1c,1,2794308672e65bc5a970a627ddb9b0f1,dbb9b48c841a0e39e21f98e1a6b2ec3e,2017-01-26 16:10:09,14.50,10.96,2026-01-01
f3d418a0887dbfd5bd41c788c87ac28b,1,389d119b48cf3043d311335e499d9c6b,1f50f920176fa81dab994f9023523100,2017-12-18 03:36:30,59.00,33.72,2026-01-01
f3d418a0887dbfd5bd41c788c87ac28b,2,97759b2e2035fcd87986a43119b56c7d,213b25e6f54661939f11710a6fddb871,2017-12-18 03:36:30,37.95,42.14,2026-01-01
f3e7c359154d965827355f39d6b1fdac,1,e99d69efe684efaa643f99805f7c81bc,55c26bcb609f480eb7868594245febb5,2018-08-14 03:24:51,89.90,14.21,2026-01-01
f419e615bbdeb34741d4bdd661ff8599,1,18f6ea7e8cff29f8053baac6762449f9,f80edd2c5aaa505cc4b0a3b219abf4b8,2018-08-10 11:05:15,56.90,18.20,2026-01-01
f4471dae8c482f51aa1826cd9f5d4433,1,51c59cf09066762ba5740772b0a86215,33ac3e28642ab8bda860a2f693000e78,2018-07-10 18:55:15,104.90,4.39,2026-01-01
f4471dae8c482f51aa1826cd9f5d4433,2,f889fb87b505b73de10c18b93352469f,c70c1b0d8ca86052f45a432a38b73958,2018-07-10 18:55:15,110.32,12.53,2026-01-01
f4b76dbfe0f911217da5adaa458f5b5b,1,c00627ba53d46c497a4d302caa6d43bf,25e6ffe976bd75618accfe16cefcbd0d,2017-08-02 23:45:05,149.90,15.81,2026-01-01
f5218a2401f92542f87b1de5bc3f92ff,1,727a46f0b58a9ef165af9f7ebcfebfa9,e9779976487b77c6d4ac45f75ec7afe9,2018-03-08 11:15:45,19.49,8.27,2026-01-01
f5218a2401f92542f87b1de5bc3f92ff,2,727a46f0b58a9ef165af9f7ebcfebfa9,e9779976487b77c6d4ac45f75ec7afe9,2018-03-08 11:15:45,19.49,8.27,2026-01-01
f61b61c2cbb4192ccaf9c2c76a4cc971,1,74e47bd907dc11882c23f4c4ce14031f,87142160b41353c4e5fca2360caf6f92,2018-03-06 21:48:27,39.99,9.74,2026-01-01
f633c884a99eb63866600655356d973e,1,c1ad8ac66c91ad301cefc322ba2adf31,966cb4760537b1404caedd472cc610a5,2018-04-10 00:48:50,599.00,20.90,2026-01-01
f644267f332fbcb9fe143fbb7478441c,1,6640d299f2649e432fa5416fb9672c64,9dda5bbacd45e18d6485fee649205d09,2017-12-04 03:34:18,84.90,38.14,2026-01-01
f6f6a68d78c7dd4b319f6df3c846094b,1,7fab1a1472fdd934397068931f63f3ca,3d871de0142ce09b7081e2b9d1733cb1,2018-04-19 13:15:45,69.90,19.46,2026-01-01
f70a0aff17df5a6cdd9a7196128bd354,1,cafd558df4c3c9d1c338ba6930ea9a62,5dceca129747e92ff8ef7a997dc4f8ca,2017-08-17 02:45:24,279.00,34.19,2026-01-01
f76b895a9902ad634abed7eec3211a10,1,bbe8590c1225fbb6a477018283da0677,a6bd7d1ccdac48c6b33b28596b7eb122,2018-05-16 11:31:37,649.51,56.68,2026-01-01
f7959f8385f34c4f645327465a1c9fc4,1,c1234c80dafde7ef3311b3eabd5069ed,dc4a0fc896dc34b0d5bfec8438291c80,2017-04-11 08:05:08,17.90,10.96,2026-01-01
f7fd9088963ee4f442fd642219d80fb5,1,aca2eb7d00ea1a7b8ebd4e68314663af,955fee9216a65b617aa5c0531780ce60,2018-04-27 11:31:13,69.90,0.00,2026-01-01
f833a0260cb98fa615a517d4e4a8cdf3,1,f7e0fa615b386bc9a8b9eb52bc1fff76,87142160b41353c4e5fca2360caf6f92,2017-05-09 14:42:38,89.90,21.08,2026-01-01
f847298c3beb552989d31c5f673da6fc,1,ed2067a9c1f79553088a3c67b99a9f97,cbd996ad3c1b7dc71fd0e5f5df9087e2,2018-03-20 12:00:25,56.97,19.37,2026-01-01
f848643eec1d69395095eb3840d2051e,1,2b4609f8948be18874494203496bc318,cc419e0650a3c5ba77189a1882b7556a,2018-03-23 09:09:31,79.99,8.91,2026-01-01
f86b24a45dc34d1b7fcdeb817bf503da,1,1bfb290d7273a442c874dbe74b4abae6,a7f13822ceb966b076af67121f87b063,2017-03-15 21:25:18,86.96,26.11,2026-01-01
f86b24a45dc34d1b7fcdeb817bf503da,2,1bfb290d7273a442c874dbe74b4abae6,a7f13822ceb966b076af67121f87b063,2017-03-15 21:25:18,86.96,26.11,2026-01-01
f8ebe0a43498e8d689afbbfec4b3eaba,1,af0a917aec9cea3b353ece61a8825326,da8622b14eb17ae2831f4ac5b9dab84a,2017-09-15 15:50:47,89.90,17.88,2026-01-01
f90202d14e468090464aeb4b1f0372ab,1,0a57f7d2c983bcf8188589a5fea4a8da,4869f7a5dfa277a7dca6462dcf3b52b2,2018-05-22 08:59:32,96.00,6.56,2026-01-01
f93af565de05d2427790ad8d0368a80e,1,2b4609f8948be18874494203496bc318,cc419e0650a3c5ba77189a1882b7556a,2018-06-11 12:10:28,79.99,8.32,2026-01-01
f97a6e53615dfc1488e4bcf3dfe1cb2f,1,0900e9b18da6627157a7e47a8ac8fc08,6560211a19b47992c3666cc44a7e94c0,2017-09-18 04:30:15,29.00,15.10,2026-01-01
f98ae4bbfd1a32ea2104c8cf1f64dabf,1,f2d649f157cebee085ed738f23d5d6b7,d673a59aac7a70d8b01e6902bf090a11,2018-03-01 19:07:29,27.90,15.10,2026-01-01
f9c8a2771f663e15460ae6ba93205354,1,1528d0673079ce2d79d29753b800d76e,01fdefa7697d26ad920e9e0346d4bd1b,2017-09-27 22:50:07,59.90,13.44,2026-01-01
f9ca536e1ef897f153c183d72ba141bb,1,47cad419b0ad5dc9d2305bf795c3c16f,05d2173d43ea568aa0540eba70d2ca76,2018-04-11 18:50:14,104.71,18.61,2026-01-01
f9ca536e1ef897f153c183d72ba141bb,2,ea1d9847778160f2d0c74950812fd8d0,05d2173d43ea568aa0540eba70d2ca76,2018-04-11 18:50:14,104.71,18.61,2026-01-01
f9f15e02ed74cf8a21b8266a55498942,1,2b4609f8948be18874494203496bc318,cc419e0650a3c5ba77189a1882b7556a,2017-10-22 22:56:20,89.99,22.95,2026-01-01
f9f76d0f8ab416a42a2a3dad0d710162,1,330286b1345b8cc5abfbb74da93465a6,71039d19d4303bf9054d69e9a9236699,2017-12-06 22:51:28,269.90,16.64,2026-01-01
f9fe35b6ddb4b18faa9a9a683e20eaea,1,f889fb87b505b73de10c18b93352469f,c70c1b0d8ca86052f45a432a38b73958,2018-05-03 10:35:18,110.32,19.95,2026-01-01
fa4c0ad484374bf0485f99f6a57255a5,1,8c24ef6ef31f7c7b9e989cb1e0a66c9f,1835b56ce799e6a4dc4eddc053f04066,2018-02-01 18:52:02,110.00,15.52,2026-01-01
fa516182d28f96f5f5c651026b0749ee,1,e932008cf0ea7c93a077dd8d7e5f49eb,fcdd820084f17e9982427971e4e9d47f,2018-04-19 13:30:02,190.00,19.41,2026-01-01
fa859e78da068661b096bfb4466ded18,1,3a05a947f28cf46d789adedc107d7595,87142160b41353c4e5fca2360caf6f92,2017-12-19 17:11:20,119.90,25.68,2026-01-01
faa911f9ff46e53aedc9408c5d6a24ad,1,902a8b8bb0768e8562edc2d903337812,9bade61a92bed55a25d2b67b9f4ed739,2018-03-15 17:20:24,37.39,19.04,2026-01-01
faa911f9ff46e53aedc9408c5d6a24ad,2,902a8b8bb0768e8562edc2d903337812,9bade61a92bed55a25d2b67b9f4ed739,2018-03-15 17:20:24,37.39,19.04,2026-01-01
fb4c699559386e0b6b970181177d99bd,1,10717ff440b2320081989126e858b220,fdb9095204a334cd8872252ffec6f2db,2018-04-20 14:31:13,138.00,21.90,2026-01-01
fb4c699559386e0b6b970181177d99bd,2,10717ff440b2320081989126e858b220,fdb9095204a334cd8872252ffec6f2db,2018-04-20 14:31:13,138.00,21.90,2026-01-01
fb4c699559386e0b6b970181177d99bd,3,10717ff440b2320081989126e858b220,fdb9095204a334cd8872252ffec6f2db,2018-04-20 14:31:13,138.00,21.90,2026-01-01
fb6ba131bbeb30fd6db9c8900b5c5b92,1,99ba5fbf3ae895fe3a9289acd0a5eb91,562fc2f2c2863ab7e79a9e4388a58a14,2018-06-07 03:24:11,39.99,37.04,2026-01-01
fb9b2930f4a30f96c7cc98eaaa85e5f0,1,6f9771652ad5ec58e58f50475d6bfe0e,cca3071e3e9bb7d12640c9fbe2301306,2017-11-30 16:19:01,70.91,13.52,2026-01-01
fbbd2907c49e21c3c105257b12772380,1,b73e7ccdd22c0bb891a93ec7d80b717f,cd68562d3f44870c08922d380acae552,2017-10-26 16:21:22,99.00,12.19,2026-01-01
fbbd2907c49e21c3c105257b12772380,2,b73e7ccdd22c0bb891a93ec7d80b717f,cd68562d3f44870c08922d380acae552,2017-10-26 16:21:22,99.00,12.19,2026-01-01
fbf9ac61453ac646ce8ad9783d7d0af6,1,7b717060aa783eb7f23a747a3a733dd7,c0563dd588b775f2e37747ef6ad6c92c,2018-02-28 02:30:44,109.90,15.53,2026-01-01
fc66798245e4d173bcc7eb36eb72a278,1,a067f34727f55a883d84f5b3a5c72255,ad420dd0c4f92f8af951ac24b86d0cf5,2018-06-21 20:30:43,160.00,19.22,2026-01-01
fd180ff2363b236f823a4fa8a2a729f1,1,63de2743d05ab59d85caa49e49459ac1,cbd996ad3c1b7dc71fd0e5f5df9087e2,2017-05-25 09:45:14,19.90,11.85,2026-01-01
fd9b8ed51e5ffedf7a56bea36cc5b6f9,1,0ef8c1b31d81d6b4453f70a61321f73e,fa1a9dec3a9940c072684a46728bf1fc,2018-04-04 23:26:57,119.90,23.42,2026-01-01
fdbd371c335ecb94ccb8a65c37d8ebba,1,a1efabfd513c691eeb2650e5f04e5cb6,7ddcbb64b5bc1ef36ca8c151f6ec77df,2017-12-29 20:28:19,37.99,13.08,2026-01-01
fdf128b3630c21adc9ca4fb8a51b68ec,1,89321f94e35fc6d7903d36f74e351d40,16090f2ca825584b5a147ab24aa30c86,2018-07-18 14:31:10,27.90,18.30,2026-01-01
fe91d55ea129eb6d5a2d5fc82bcacbd0,1,6afab9e71cf3c11c8baa174027ef4312,651fe66032c9520ee5587f694908040d,2018-07-20 09:04:17,29.00,18.30,2026-01-01
